RUN_ID	MODE	STOPWORDS	MIN_FREQ	MIN_PMI	MAP	POSTINGS_COST	DICT_SIZE	TERMS_SIZE	NGRAMS	AVGDL	SUMDF
20250821_151309_duckdb_english_-1_0_0	duckdb	english	0	0	0.2732	1197.5536	6639	128030	0	91.45	80317
20250821_151346_phrases_english_-1_0_0	phrases	english	0	0	0.1648	620.2946	21928	102342	16988	73.10142857142857	77971
20250821_151545_phrases_english_-1_0_1	phrases	english	0	1	0.1674	649.3839	21685	102526	16746	73.23285714285714	77793
20250821_151754_phrases_english_-1_0_2	phrases	english	0	2	0.1733	677.6964	21052	103046	16109	73.60428571428571	77506
20250821_152001_phrases_english_-1_0_3	phrases	english	0	3	0.1766	721.4821	20102	104132	15148	74.38	77606
20250821_152210_phrases_english_-1_0_4	phrases	english	0	4	0.1766	807.1518	18662	106284	13680	75.91714285714286	77921
20250821_152408_phrases_english_-1_0_5	phrases	english	0	5	0.1856	937.5982	16899	109637	11883	78.31214285714286	78641
20250821_152601_phrases_english_-1_0_6	phrases	english	0	6	0.1999	1085.1339	14860	114007	9804	81.43357142857143	79598
20250821_152749_phrases_english_-1_0_7	phrases	english	0	7	0.2233	1206.5268	12928	119090	7820	85.06428571428572	80545
20250821_152913_phrases_english_-1_0_8	phrases	english	0	8	0.2447	1391.3571	11156	126009	5981	90.00642857142857	82155
20250821_153053_phrases_english_-1_0_9	phrases	english	0	9	0.2574	1475.7768	9605	130791	4290	93.42214285714286	83560
20250821_153226_phrases_english_-1_0_10	phrases	english	0	10	0.2694	1509.1786	8539	133875	2996	95.625	84619
20250821_153351_phrases_english_-1_0_11	phrases	english	0	11	0.2710	1517.1250	7730	135702	2010	96.93	85361
20250821_153515_phrases_english_-1_0_12	phrases	english	0	12	0.2752	1520.4643	7220	136986	1305	97.84714285714286	85910
20250821_153639_phrases_english_-1_0_13	phrases	english	0	13	0.2772	1521.7411	6885	137827	779	98.44785714285715	86301
20250821_153752_phrases_english_-1_0_14	phrases	english	0	14	0.2759	1522.4375	6714	138289	451	98.77785714285714	86539
20250821_153909_phrases_english_-1_0_15	phrases	english	0	15	0.2753	1522.5357	6627	138579	258	98.985	86697
20250821_154022_phrases_english_-1_0_16	phrases	english	0	16	0.2750	1522.6429	6593	138733	129	99.095	86796
20250821_154138_phrases_english_-1_0_17	phrases	english	0	17	0.2750	1522.6607	6598	138829	44	99.16357142857143	86872
20250821_154243_phrases_english_-1_0_24	phrases	english	0	24	0.2750	1522.6607	6639	138873	0	99.195	86916
20250821_154350_phrases_english_-1_0_48	phrases	english	0	48	0.2750	1522.6607	6639	138873	0	99.195	86916
20250821_154453_phrases_english_-1_1_0	phrases	english	1	0	0.1648	620.2946	21928	102342	16988	73.10142857142857	77971
20250821_154658_phrases_english_-1_1_1	phrases	english	1	1	0.1674	649.3839	21685	102526	16746	73.23285714285714	77793
20250821_154907_phrases_english_-1_1_2	phrases	english	1	2	0.1733	677.6964	21052	103046	16109	73.60428571428571	77506
20250821_155115_phrases_english_-1_1_3	phrases	english	1	3	0.1766	721.4821	20102	104132	15148	74.38	77606
20250821_155322_phrases_english_-1_1_4	phrases	english	1	4	0.1766	807.1518	18662	106284	13680	75.91714285714286	77921
20250821_155521_phrases_english_-1_1_5	phrases	english	1	5	0.1856	937.5982	16899	109637	11883	78.31214285714286	78641
20250821_155649_phrases_english_-1_1_6	phrases	english	1	6	0.1999	1085.1339	14860	114007	9804	81.43357142857143	79598
20250821_155840_phrases_english_-1_1_7	phrases	english	1	7	0.2233	1206.5268	12928	119090	7820	85.06428571428572	80545
20250821_160021_phrases_english_-1_1_8	phrases	english	1	8	0.2447	1391.3571	11156	126009	5981	90.00642857142857	82155
20250821_160158_phrases_english_-1_1_9	phrases	english	1	9	0.2574	1475.7768	9605	130791	4290	93.42214285714286	83560
20250821_160317_phrases_english_-1_1_10	phrases	english	1	10	0.2694	1509.1786	8539	133875	2996	95.625	84619
20250821_160446_phrases_english_-1_1_11	phrases	english	1	11	0.2710	1517.1250	7730	135702	2010	96.93	85361
20250821_160604_phrases_english_-1_1_12	phrases	english	1	12	0.2752	1520.4643	7220	136986	1305	97.84714285714286	85910
20250821_160725_phrases_english_-1_1_13	phrases	english	1	13	0.2772	1521.7411	6885	137827	779	98.44785714285715	86301
20250821_160840_phrases_english_-1_1_14	phrases	english	1	14	0.2759	1522.4375	6714	138289	451	98.77785714285714	86539
20250821_160959_phrases_english_-1_1_15	phrases	english	1	15	0.2753	1522.5357	6627	138579	258	98.985	86697
20250821_161116_phrases_english_-1_1_16	phrases	english	1	16	0.2750	1522.6429	6593	138733	129	99.095	86796
20250821_161232_phrases_english_-1_1_17	phrases	english	1	17	0.2750	1522.6607	6598	138829	44	99.16357142857143	86872
20250821_161344_phrases_english_-1_1_24	phrases	english	1	24	0.2750	1522.6607	6639	138873	0	99.195	86916
20250821_161455_phrases_english_-1_1_48	phrases	english	1	48	0.2750	1522.6607	6639	138873	0	99.195	86916
20250821_161601_phrases_english_-1_2_0	phrases	english	2	0	0.1839	443.1339	10740	105739	6586	75.52785714285714	79664
20250821_161715_phrases_english_-1_2_1	phrases	english	2	1	0.1852	465.5089	10666	105816	6512	75.58285714285714	79489
20250821_161827_phrases_english_-1_2_2	phrases	english	2	2	0.1840	489.9911	10427	106096	6273	75.78285714285714	79150
20250821_161940_phrases_english_-1_2_3	phrases	english	2	3	0.1867	529.3571	10036	106808	5881	76.29142857142857	79059
20250821_162106_phrases_english_-1_2_4	phrases	english	2	4	0.1923	608.5804	9433	108408	5271	77.43428571428572	79099
20250821_162231_phrases_english_-1_2_5	phrases	english	2	5	0.1896	732.7321	8641	111018	4475	79.29857142857144	79410
20250821_162353_phrases_english_-1_2_6	phrases	english	2	6	0.2087	877.6696	7697	114500	3528	81.78571428571429	79898
20250821_162515_phrases_english_-1_2_7	phrases	english	2	7	0.2273	993.6250	6857	118615	2684	84.725	80372
20250821_162628_phrases_english_-1_2_8	phrases	english	2	8	0.2458	1171.1518	6083	124639	1908	89.02785714285714	81508
20250821_162739_phrases_english_-1_2_9	phrases	english	2	9	0.2569	1250.3125	5438	128486	1240	91.77571428571429	82376
20250821_162849_phrases_english_-1_2_10	phrases	english	2	10	0.2667	1281.3125	5049	130739	821	93.385	82993
20250821_163000_phrases_english_-1_2_11	phrases	english	2	11	0.2727	1287.7411	4732	131933	492	94.23785714285714	83368
20250821_163112_phrases_english_-1_2_12	phrases	english	2	12	0.2793	1289.8036	4564	132722	294	94.80142857142857	83603
20250821_163223_phrases_english_-1_2_13	phrases	english	2	13	0.2817	1290.5446	4440	133189	151	95.135	83759
20250821_163332_phrases_english_-1_2_14	phrases	english	2	14	0.2797	1290.9554	4390	133396	83	95.28285714285714	83832
20250821_163440_phrases_english_-1_2_15	phrases	english	2	15	0.2793	1291.0000	4356	133545	34	95.38928571428572	83881
20250821_163545_phrases_english_-1_2_16	phrases	english	2	16	0.2793	1291.0000	4347	133593	12	95.42357142857144	83902
20250821_163650_phrases_english_-1_2_17	phrases	english	2	17	0.2793	1291.0000	4349	133616	0	95.44	83913
20250821_163755_phrases_english_-1_2_24	phrases	english	2	24	0.2793	1291.0000	4349	133616	0	95.44	83913
20250821_163900_phrases_english_-1_2_48	phrases	english	2	48	0.2793	1291.0000	4349	133616	0	95.44	83913
20250821_164005_phrases_english_-1_4_0	phrases	english	4	0	0.1887	497.0982	5392	108052	2439	77.18	77560
20250821_164113_phrases_english_-1_4_1	phrases	english	4	1	0.1908	512.2946	5376	108073	2423	77.195	77458
20250821_164221_phrases_english_-1_4_2	phrases	english	4	2	0.1910	528.2411	5305	108193	2352	77.28071428571428	77205
20250821_164328_phrases_english_-1_4_3	phrases	english	4	3	0.1927	552.6696	5184	108612	2231	77.58	77121
20250821_164440_phrases_english_-1_4_4	phrases	english	4	4	0.1986	611.9286	4969	109698	2015	78.35571428571428	77107
20250821_164552_phrases_english_-1_4_5	phrases	english	4	5	0.2035	731.6429	4654	111616	1700	79.72571428571429	77189
20250821_164704_phrases_english_-1_4_6	phrases	english	4	6	0.2142	875.5357	4250	114239	1297	81.59928571428571	77437
20250821_164812_phrases_english_-1_4_7	phrases	english	4	7	0.2291	981.9464	3904	117509	950	83.935	77710
20250821_164920_phrases_english_-1_4_8	phrases	english	4	8	0.2527	1157.8304	3584	122735	630	87.66785714285714	78610
20250821_165029_phrases_english_-1_4_9	phrases	english	4	9	0.2630	1233.0982	3346	125792	390	89.85142857142857	79288
20250821_165136_phrases_english_-1_4_10	phrases	english	4	10	0.2697	1261.2054	3205	127524	245	91.08857142857143	79810
20250821_165242_phrases_english_-1_4_11	phrases	english	4	11	0.2738	1265.8661	3106	128280	141	91.62857142857143	80077
20250821_165349_phrases_english_-1_4_12	phrases	english	4	12	0.2789	1267.6071	3044	128816	74	92.01142857142857	80251
20250821_165453_phrases_english_-1_4_13	phrases	english	4	13	0.2799	1268.1161	3006	129079	34	92.19928571428571	80351
20250821_165558_phrases_english_-1_4_14	phrases	english	4	14	0.2779	1268.2589	2989	129185	14	92.275	80400
20250821_165701_phrases_english_-1_4_15	phrases	english	4	15	0.2779	1268.2946	2981	129248	2	92.32	80420
20250821_165805_phrases_english_-1_4_16	phrases	english	4	16	0.2779	1268.2946	2980	129255	0	92.325	80420
20250821_165906_phrases_english_-1_4_17	phrases	english	4	17	0.2779	1268.2946	2980	129255	0	92.325	80420
20250821_170006_phrases_english_-1_4_24	phrases	english	4	24	0.2779	1268.2946	2980	129255	0	92.325	80420
20250821_170109_phrases_english_-1_4_48	phrases	english	4	48	0.2779	1268.2946	2980	129255	0	92.325	80420
20250821_170210_phrases_english_-1_5_0	phrases	english	5	0	0.1969	510.0536	4365	108248	1765	77.32	76546
20250821_170321_phrases_english_-1_5_1	phrases	english	5	1	0.1984	525.9107	4352	108267	1752	77.33357142857143	76440
20250821_170431_phrases_english_-1_5_2	phrases	english	5	2	0.1994	539.6786	4304	108355	1704	77.39642857142857	76213
20250821_170537_phrases_english_-1_5_3	phrases	english	5	3	0.2023	557.4554	4228	108681	1628	77.62928571428571	76144
20250821_170644_phrases_english_-1_5_4	phrases	english	5	4	0.2106	613.8839	4068	109670	1468	78.33571428571429	76123
20250821_170757_phrases_english_-1_5_5	phrases	english	5	5	0.2135	729.3929	3835	111400	1235	79.57142857142857	76183
20250821_170908_phrases_english_-1_5_6	phrases	english	5	6	0.2270	865.5179	3536	113742	936	81.24428571428571	76390
20250821_171021_phrases_english_-1_5_7	phrases	english	5	7	0.2408	971.8929	3280	116753	680	83.395	76603
20250821_171130_phrases_english_-1_5_8	phrases	english	5	8	0.2561	1144.2411	3035	121771	435	86.97928571428571	77476
20250821_171244_phrases_english_-1_5_9	phrases	english	5	9	0.2691	1215.9554	2870	124598	270	88.99857142857142	78102
20250821_171401_phrases_english_-1_5_10	phrases	english	5	10	0.2729	1244.8393	2768	126202	166	90.14428571428572	78608
20250821_171511_phrases_english_-1_5_11	phrases	english	5	11	0.2760	1249.2589	2702	126846	97	90.60428571428571	78836
20250821_171623_phrases_english_-1_5_12	phrases	english	5	12	0.2783	1250.5893	2656	127310	49	90.93571428571428	79002
20250821_171734_phrases_english_-1_5_13	phrases	english	5	13	0.2796	1250.8214	2632	127516	23	91.08285714285714	79084
20250821_171844_phrases_english_-1_5_14	phrases	english	5	14	0.2777	1250.9464	2621	127595	10	91.13928571428572	79117
20250821_171954_phrases_english_-1_5_15	phrases	english	5	15	0.2775	1250.9821	2615	127645	1	91.175	79132
20250821_172103_phrases_english_-1_5_16	phrases	english	5	16	0.2775	1250.9821	2614	127648	0	91.17714285714285	79131
20250821_172207_phrases_english_-1_5_17	phrases	english	5	17	0.2775	1250.9821	2614	127648	0	91.17714285714285	79131
20250821_172308_phrases_english_-1_5_24	phrases	english	5	24	0.2775	1250.9821	2614	127648	0	91.17714285714285	79131
20250821_172410_phrases_english_-1_5_48	phrases	english	5	48	0.2775	1250.9821	2614	127648	0	91.17714285714285	79131
20250821_172511_phrases_english_-1_6_0	phrases	english	6	0	0.2112	554.7143	3704	108857	1354	77.755	75943
20250821_172620_phrases_english_-1_6_1	phrases	english	6	1	0.2110	566.9375	3696	108863	1346	77.75928571428571	75853
20250821_172728_phrases_english_-1_6_2	phrases	english	6	2	0.2108	579.2679	3664	108937	1314	77.81214285714286	75682
20250821_172837_phrases_english_-1_6_3	phrases	english	6	3	0.2125	595.7679	3609	109185	1259	77.98928571428571	75616
20250821_172945_phrases_english_-1_6_4	phrases	english	6	4	0.2154	650.6071	3490	110059	1140	78.61357142857143	75586
20250821_173055_phrases_english_-1_6_5	phrases	english	6	5	0.2203	756.8571	3326	111572	976	79.69428571428571	75634
20250821_173203_phrases_english_-1_6_6	phrases	english	6	6	0.2367	883.8125	3090	113712	740	81.22285714285714	75810
20250821_173311_phrases_english_-1_6_7	phrases	english	6	7	0.2454	988.5714	2883	116571	533	83.265	76015
20250821_173420_phrases_english_-1_6_8	phrases	english	6	8	0.2562	1158.9554	2686	121408	336	86.72	76833
20250821_173529_phrases_english_-1_6_9	phrases	english	6	9	0.2649	1228.7589	2556	124095	206	88.63928571428572	77428
20250821_173639_phrases_english_-1_6_10	phrases	english	6	10	0.2692	1258.6696	2468	125638	116	89.74142857142857	77916
20250821_173744_phrases_english_-1_6_11	phrases	english	6	11	0.2713	1262.3661	2417	126211	64	90.15071428571429	78124
20250821_173850_phrases_english_-1_6_12	phrases	english	6	12	0.2743	1263.6518	2382	126624	27	90.44571428571429	78278
20250821_173954_phrases_english_-1_6_13	phrases	english	6	13	0.2752	1263.8482	2366	126799	9	90.57071428571429	78352
20250821_174055_phrases_english_-1_6_14	phrases	english	6	14	0.2752	1263.8482	2362	126842	4	90.60142857142857	78373
20250821_174202_phrases_english_-1_6_15	phrases	english	6	15	0.2750	1263.8661	2359	126869	0	90.62071428571429	78376
20250821_174303_phrases_english_-1_6_16	phrases	english	6	16	0.2750	1263.8661	2359	126869	0	90.62071428571429	78376
20250821_174405_phrases_english_-1_6_17	phrases	english	6	17	0.2750	1263.8661	2359	126869	0	90.62071428571429	78376
20250821_174506_phrases_english_-1_6_24	phrases	english	6	24	0.2750	1263.8661	2359	126869	0	90.62071428571429	78376
20250821_174605_phrases_english_-1_6_48	phrases	english	6	48	0.2750	1263.8661	2359	126869	0	90.62071428571429	78376
20250821_174706_phrases_english_-1_7_0	phrases	english	7	0	0.2171	591.6161	3223	109292	1073	78.06571428571428	75469
20250821_174816_phrases_english_-1_7_1	phrases	english	7	1	0.2177	598.3482	3220	109292	1070	78.06571428571428	75375
20250821_174926_phrases_english_-1_7_2	phrases	english	7	2	0.2172	606.4732	3197	109357	1047	78.11214285714286	75242
20250821_175037_phrases_english_-1_7_3	phrases	english	7	3	0.2195	623.2500	3154	109572	1004	78.26571428571428	75177
20250821_175144_phrases_english_-1_7_4	phrases	english	7	4	0.2247	676.1786	3060	110363	910	78.83071428571428	75134
20250821_175252_phrases_english_-1_7_5	phrases	english	7	5	0.2297	782.2500	2934	111748	784	79.82	75148
20250821_175400_phrases_english_-1_7_6	phrases	english	7	6	0.2383	897.0982	2748	113674	598	81.19571428571429	75290
20250821_175508_phrases_english_-1_7_7	phrases	english	7	7	0.2478	996.3929	2577	116381	427	83.12928571428571	75452
20250821_175616_phrases_english_-1_7_8	phrases	english	7	8	0.2617	1166.2411	2410	121097	260	86.49785714285714	76252
20250821_175725_phrases_english_-1_7_9	phrases	english	7	9	0.2715	1236.9286	2302	123686	152	88.34714285714286	76823
20250821_175833_phrases_english_-1_7_10	phrases	english	7	10	0.2743	1264.9196	2234	125113	83	89.36642857142857	77280
20250821_175938_phrases_english_-1_7_11	phrases	english	7	11	0.2768	1268.2143	2197	125607	45	89.71928571428572	77469
20250821_180043_phrases_english_-1_7_12	phrases	english	7	12	0.2775	1269.1250	2171	125965	18	89.975	77607
20250821_180150_phrases_english_-1_7_13	phrases	english	7	13	0.2785	1269.2946	2159	126118	5	90.08428571428571	77672
20250821_180255_phrases_english_-1_7_14	phrases	english	7	14	0.2785	1269.2946	2157	126149	2	90.10642857142857	77690
20250821_180359_phrases_english_-1_7_15	phrases	english	7	15	0.2785	1269.3036	2155	126164	0	90.11714285714285	77691
20250821_180459_phrases_english_-1_7_16	phrases	english	7	16	0.2785	1269.3036	2155	126164	0	90.11714285714285	77691
20250821_180601_phrases_english_-1_7_17	phrases	english	7	17	0.2785	1269.3036	2155	126164	0	90.11714285714285	77691
20250821_180701_phrases_english_-1_7_24	phrases	english	7	24	0.2785	1269.3036	2155	126164	0	90.11714285714285	77691
20250821_180803_phrases_english_-1_7_48	phrases	english	7	48	0.2785	1269.3036	2155	126164	0	90.11714285714285	77691
20250821_180903_phrases_english_-1_8_0	phrases	english	8	0	0.2273	616.2500	2889	109018	915	77.87	74606
20250821_181009_phrases_english_-1_8_1	phrases	english	8	1	0.2272	623.1429	2887	109018	913	77.87	74543
20250821_181115_phrases_english_-1_8_2	phrases	english	8	2	0.2275	625.6518	2869	109078	895	77.91285714285715	74428
20250821_181221_phrases_english_-1_8_3	phrases	english	8	3	0.2283	639.0893	2836	109265	862	78.04642857142858	74374
20250821_181329_phrases_english_-1_8_4	phrases	english	8	4	0.2328	691.2500	2760	109979	786	78.55642857142857	74316
20250821_181436_phrases_english_-1_8_5	phrases	english	8	5	0.2360	796.8839	2653	111281	679	79.48642857142858	74316
20250821_181542_phrases_english_-1_8_6	phrases	english	8	6	0.2456	907.4286	2491	113095	517	80.78214285714286	74452
20250821_181647_phrases_english_-1_8_7	phrases	english	8	7	0.2522	1006.2589	2344	115664	370	82.61714285714285	74580
20250821_181753_phrases_english_-1_8_8	phrases	english	8	8	0.2612	1173.2232	2195	120281	221	85.915	75361
20250821_181857_phrases_english_-1_8_9	phrases	english	8	9	0.2703	1243.8571	2098	122819	124	87.72785714285715	75917
20250821_182001_phrases_english_-1_8_10	phrases	english	8	10	0.2744	1270.6964	2041	124179	66	88.69928571428571	76350
20250821_182107_phrases_english_-1_8_11	phrases	english	8	11	0.2764	1273.4911	2011	124630	36	89.02142857142857	76527
20250821_182212_phrases_english_-1_8_12	phrases	english	8	12	0.2772	1274.3036	1989	124960	13	89.25714285714285	76647
20250821_182315_phrases_english_-1_8_13	phrases	english	8	13	0.2797	1274.3929	1980	125093	3	89.35214285714285	76703
20250821_182419_phrases_english_-1_8_14	phrases	english	8	14	0.2797	1274.3929	1978	125124	0	89.37428571428572	76721
20250821_182522_phrases_english_-1_8_15	phrases	english	8	15	0.2797	1274.3929	1978	125124	0	89.37428571428572	76721
20250821_182622_phrases_english_-1_8_16	phrases	english	8	16	0.2797	1274.3929	1978	125124	0	89.37428571428572	76721
20250821_182724_phrases_english_-1_8_17	phrases	english	8	17	0.2797	1274.3929	1978	125124	0	89.37428571428572	76721
20250821_182826_phrases_english_-1_8_24	phrases	english	8	24	0.2797	1274.3929	1978	125124	0	89.37428571428572	76721
20250821_182929_phrases_english_-1_8_48	phrases	english	8	48	0.2797	1274.3929	1978	125124	0	89.37428571428572	76721
20250821_183032_phrases_english_-1_9_0	phrases	english	9	0	0.2269	641.2946	2586	108956	760	77.82571428571428	73877
20250821_183140_phrases_english_-1_9_1	phrases	english	9	1	0.2268	648.4286	2584	108956	758	77.82571428571428	73814
20250821_183247_phrases_english_-1_9_2	phrases	english	9	2	0.2270	650.0982	2572	109008	746	77.86285714285714	73713
20250821_183354_phrases_english_-1_9_3	phrases	english	9	3	0.2274	663.6696	2546	109180	720	77.98571428571428	73670
20250821_183457_phrases_english_-1_9_4	phrases	english	9	4	0.2313	715.7321	2482	109843	656	78.45928571428571	73615
20250821_183604_phrases_english_-1_9_5	phrases	english	9	5	0.2360	821.6964	2392	111075	566	79.33928571428571	73618
20250821_183708_phrases_english_-1_9_6	phrases	english	9	6	0.2436	928.0536	2263	112722	437	80.51571428571428	73737
20250821_183815_phrases_english_-1_9_7	phrases	english	9	7	0.2527	1019.5000	2134	115185	308	82.275	73839
20250821_183919_phrases_english_-1_9_8	phrases	english	9	8	0.2595	1185.0804	2007	119663	181	85.47357142857143	74601
20250821_184024_phrases_english_-1_9_9	phrases	english	9	9	0.2677	1255.5089	1930	122062	104	87.18714285714286	75124
20250821_184129_phrases_english_-1_9_10	phrases	english	9	10	0.2725	1281.9821	1885	123339	58	88.09928571428571	75539
20250821_184233_phrases_english_-1_9_11	phrases	english	9	11	0.2747	1284.6875	1858	123770	31	88.40714285714286	75702
20250821_184338_phrases_english_-1_9_12	phrases	english	9	12	0.2745	1285.5000	1840	124073	12	88.62357142857142	75818
20250821_184440_phrases_english_-1_9_13	phrases	english	9	13	0.2771	1285.5893	1832	124199	3	88.71357142857143	75872
20250821_184542_phrases_english_-1_9_14	phrases	english	9	14	0.2771	1285.5893	1830	124230	0	88.73571428571428	75890
20250821_184643_phrases_english_-1_9_15	phrases	english	9	15	0.2771	1285.5893	1830	124230	0	88.73571428571428	75890
20250821_184744_phrases_english_-1_9_16	phrases	english	9	16	0.2771	1285.5893	1830	124230	0	88.73571428571428	75890
20250821_184846_phrases_english_-1_9_17	phrases	english	9	17	0.2771	1285.5893	1830	124230	0	88.73571428571428	75890
20250821_184947_phrases_english_-1_9_24	phrases	english	9	24	0.2771	1285.5893	1830	124230	0	88.73571428571428	75890
20250821_185048_phrases_english_-1_9_48	phrases	english	9	48	0.2771	1285.5893	1830	124230	0	88.73571428571428	75890
20250821_185148_phrases_english_-1_10_0	phrases	english	10	0	0.2302	648.3750	2384	108086	665	77.20428571428572	72858
20250821_185253_phrases_english_-1_10_1	phrases	english	10	1	0.2301	655.5446	2382	108086	663	77.20428571428572	72793
20250821_185400_phrases_english_-1_10_2	phrases	english	10	2	0.2303	656.8393	2375	108129	656	77.235	72741
20250821_185504_phrases_english_-1_10_3	phrases	english	10	3	0.2314	670.2857	2352	108284	633	77.34571428571428	72700
20250821_185610_phrases_english_-1_10_4	phrases	english	10	4	0.2343	721.8661	2298	108895	579	77.78214285714286	72637
20250821_185716_phrases_english_-1_10_5	phrases	english	10	5	0.2383	825.3750	2220	110076	501	78.62571428571428	72645
20250821_185821_phrases_english_-1_10_6	phrases	english	10	6	0.2463	926.5446	2108	111644	389	79.74571428571429	72756
20250821_185928_phrases_english_-1_10_7	phrases	english	10	7	0.2530	1015.5446	1992	114024	273	81.44571428571429	72840
20250821_190034_phrases_english_-1_10_8	phrases	english	10	8	0.2621	1178.5446	1878	118417	159	84.58357142857143	73574
20250821_190141_phrases_english_-1_10_9	phrases	english	10	9	0.2723	1249.2143	1810	120744	91	86.24571428571429	74083
20250821_190246_phrases_english_-1_10_10	phrases	english	10	10	0.2749	1275.4911	1770	121970	51	87.12142857142857	74476
20250821_190350_phrases_english_-1_10_11	phrases	english	10	11	0.2757	1278.1875	1744	122397	25	87.42642857142857	74639
20250821_190454_phrases_english_-1_10_12	phrases	english	10	12	0.2762	1279.0000	1726	122699	7	87.64214285714286	74751
20250821_190557_phrases_english_-1_10_13	phrases	english	10	13	0.2786	1279.1518	1721	122801	1	87.715	74797
20250821_190658_phrases_english_-1_10_14	phrases	english	10	14	0.2786	1279.1518	1720	122814	0	87.72428571428571	74805
20250821_190800_phrases_english_-1_10_15	phrases	english	10	15	0.2786	1279.1518	1720	122814	0	87.72428571428571	74805
20250821_190901_phrases_english_-1_10_16	phrases	english	10	16	0.2786	1279.1518	1720	122814	0	87.72428571428571	74805
20250821_191001_phrases_english_-1_10_17	phrases	english	10	17	0.2786	1279.1518	1720	122814	0	87.72428571428571	74805
20250821_191102_phrases_english_-1_10_24	phrases	english	10	24	0.2786	1279.1518	1720	122814	0	87.72428571428571	74805
20250821_191204_phrases_english_-1_10_48	phrases	english	10	48	0.2786	1279.1518	1720	122814	0	87.72428571428571	74805
20250821_191305_phrases_english_-1_11_0	phrases	english	11	0	0.2339	662.1786	2199	107573	569	76.83785714285715	72070
20250821_191412_phrases_english_-1_11_1	phrases	english	11	1	0.2338	670.0000	2197	107573	567	76.83785714285715	72004
20250821_191518_phrases_english_-1_11_2	phrases	english	11	2	0.2339	671.4375	2191	107616	561	76.86857142857143	71976
20250821_191623_phrases_english_-1_11_3	phrases	english	11	3	0.2344	678.8214	2173	107741	543	76.95785714285714	71932
20250821_191730_phrases_english_-1_11_4	phrases	english	11	4	0.2367	730.1696	2128	108308	498	77.36285714285714	71872
20250821_191837_phrases_english_-1_11_5	phrases	english	11	5	0.2421	833.1964	2065	109381	435	78.12928571428571	71865
20250821_191942_phrases_english_-1_11_6	phrases	english	11	6	0.2484	925.9375	1971	110817	341	79.155	71977
20250821_192050_phrases_english_-1_11_7	phrases	english	11	7	0.2568	1012.9286	1868	113100	238	80.78571428571429	72052
20250821_192157_phrases_english_-1_11_8	phrases	english	11	8	0.2634	1171.8304	1769	117377	139	83.84071428571428	72755
20250821_192305_phrases_english_-1_11_9	phrases	english	11	9	0.2729	1241.5000	1709	119653	79	85.46642857142857	73262
20250821_192411_phrases_english_-1_11_10	phrases	english	11	10	0.2760	1268.0446	1675	120836	45	86.31142857142858	73640
20250821_192514_phrases_english_-1_11_11	phrases	english	11	11	0.2786	1270.6607	1651	121253	21	86.60928571428572	73802
20250821_192619_phrases_english_-1_11_12	phrases	english	11	12	0.2787	1271.4464	1636	121524	6	86.80285714285715	73896
20250821_192722_phrases_english_-1_11_13	phrases	english	11	13	0.2811	1271.5982	1632	121616	1	86.86857142857143	73940
20250821_192826_phrases_english_-1_11_14	phrases	english	11	14	0.2811	1271.5982	1631	121629	0	86.87785714285714	73948
20250821_192926_phrases_english_-1_11_15	phrases	english	11	15	0.2811	1271.5982	1631	121629	0	86.87785714285714	73948
20250821_193028_phrases_english_-1_11_16	phrases	english	11	16	0.2811	1271.5982	1631	121629	0	86.87785714285714	73948
20250821_193130_phrases_english_-1_11_17	phrases	english	11	17	0.2811	1271.5982	1631	121629	0	86.87785714285714	73948
20250821_193231_phrases_english_-1_11_24	phrases	english	11	24	0.2811	1271.5982	1631	121629	0	86.87785714285714	73948
20250821_193332_phrases_english_-1_11_48	phrases	english	11	48	0.2811	1271.5982	1631	121629	0	86.87785714285714	73948
20250821_193434_phrases_english_-1_16_0	phrases	english	16	0	0.2480	732.7054	1636	105876	341	75.62571428571428	69335
20250821_193542_phrases_english_-1_16_1	phrases	english	16	1	0.2480	739.0089	1635	105876	340	75.62571428571428	69280
20250821_193650_phrases_english_-1_16_2	phrases	english	16	2	0.2485	740.4821	1632	105914	337	75.65285714285714	69255
20250821_193800_phrases_english_-1_16_3	phrases	english	16	3	0.2485	743.2768	1626	105979	331	75.69928571428571	69229
20250821_193906_phrases_english_-1_16_4	phrases	english	16	4	0.2518	791.1518	1601	106384	306	75.98857142857143	69176
20250821_194014_phrases_english_-1_16_5	phrases	english	16	5	0.2551	879.8393	1561	107293	266	76.63785714285714	69150
20250821_194123_phrases_english_-1_16_6	phrases	english	16	6	0.2578	964.8036	1510	108396	215	77.42571428571429	69226
20250821_194231_phrases_english_-1_16_7	phrases	english	16	7	0.2635	1041.9821	1444	110382	149	78.84428571428572	69303
20250821_194338_phrases_english_-1_16_8	phrases	english	16	8	0.2672	1194.4018	1376	114387	81	81.705	69972
20250821_194444_phrases_english_-1_16_9	phrases	english	16	9	0.2727	1261.9554	1338	116428	43	83.16285714285715	70454
20250821_194552_phrases_english_-1_16_10	phrases	english	16	10	0.2756	1286.9911	1315	117488	20	83.92	70823
20250821_194658_phrases_english_-1_16_11	phrases	english	16	11	0.2787	1289.0536	1303	117767	8	84.11928571428571	70932
20250821_194805_phrases_english_-1_16_12	phrases	english	16	12	0.2790	1289.3661	1297	117934	2	84.23857142857143	70985
20250821_194908_phrases_english_-1_16_13	phrases	english	16	13	0.2793	1289.3661	1296	117990	0	84.27857142857142	71021
20250821_195009_phrases_english_-1_16_14	phrases	english	16	14	0.2793	1289.3661	1296	117990	0	84.27857142857142	71021
20250821_195111_phrases_english_-1_16_15	phrases	english	16	15	0.2793	1289.3661	1296	117990	0	84.27857142857142	71021
20250821_195213_phrases_english_-1_16_16	phrases	english	16	16	0.2793	1289.3661	1296	117990	0	84.27857142857142	71021
20250821_195317_phrases_english_-1_16_17	phrases	english	16	17	0.2793	1289.3661	1296	117990	0	84.27857142857142	71021
20250821_195420_phrases_english_-1_16_24	phrases	english	16	24	0.2793	1289.3661	1296	117990	0	84.27857142857142	71021
20250821_195523_phrases_english_-1_16_48	phrases	english	16	48	0.2793	1289.3661	1296	117990	0	84.27857142857142	71021
20250821_195625_phrases_english_-1_24_0	phrases	english	24	0	0.2477	792.1875	1164	102808	188	73.43428571428572	65298
20250821_195736_phrases_english_-1_24_1	phrases	english	24	1	0.2477	792.1875	1164	102808	188	73.43428571428572	65298
20250821_195846_phrases_english_-1_24_2	phrases	english	24	2	0.2479	792.8125	1163	102829	187	73.44928571428571	65298
20250821_195955_phrases_english_-1_24_3	phrases	english	24	3	0.2481	795.4821	1160	102878	184	73.48428571428572	65300
20250821_200110_phrases_english_-1_24_4	phrases	english	24	4	0.2502	847.2411	1149	103170	173	73.69285714285714	65267
20250821_200223_phrases_english_-1_24_5	phrases	english	24	5	0.2524	929.2589	1130	103803	154	74.145	65236
20250821_200336_phrases_english_-1_24_6	phrases	english	24	6	0.2540	998.3125	1104	104578	128	74.69857142857143	65277
20250821_200446_phrases_english_-1_24_7	phrases	english	24	7	0.2576	1068.7321	1059	106255	83	75.89642857142857	65345
20250821_200555_phrases_english_-1_24_8	phrases	english	24	8	0.2650	1215.7411	1017	109871	41	78.47928571428571	65953
20250821_200704_phrases_english_-1_24_9	phrases	english	24	9	0.2683	1280.0982	997	111630	21	79.73571428571428	66378
20250821_200814_phrases_english_-1_24_10	phrases	english	24	10	0.2711	1300.9554	987	112484	11	80.34571428571428	66677
20250821_200922_phrases_english_-1_24_11	phrases	english	24	11	0.2710	1301.2232	982	112649	6	80.46357142857143	66753
20250821_201030_phrases_english_-1_24_12	phrases	english	24	12	0.2709	1301.4107	978	112780	2	80.55714285714286	66795
20250821_201135_phrases_english_-1_24_13	phrases	english	24	13	0.2710	1301.4107	977	112836	0	80.59714285714286	66831
20250821_201240_phrases_english_-1_24_14	phrases	english	24	14	0.2710	1301.4107	977	112836	0	80.59714285714286	66831
20250821_201345_phrases_english_-1_24_15	phrases	english	24	15	0.2710	1301.4107	977	112836	0	80.59714285714286	66831
20250821_201450_phrases_english_-1_24_16	phrases	english	24	16	0.2710	1301.4107	977	112836	0	80.59714285714286	66831
20250821_201555_phrases_english_-1_24_17	phrases	english	24	17	0.2710	1301.4107	977	112836	0	80.59714285714286	66831
20250821_201658_phrases_english_-1_24_24	phrases	english	24	24	0.2710	1301.4107	977	112836	0	80.59714285714286	66831
20250821_201803_phrases_english_-1_24_48	phrases	english	24	48	0.2710	1301.4107	977	112836	0	80.59714285714286	66831
20250821_201908_phrases_english_-1_48_0	phrases	english	48	0	0.2211	978.5804	618	92510	63	66.07857142857142	55513
20250821_202024_phrases_english_-1_48_1	phrases	english	48	1	0.2211	978.5804	618	92510	63	66.07857142857142	55513
20250821_202142_phrases_english_-1_48_2	phrases	english	48	2	0.2211	978.5804	618	92510	63	66.07857142857142	55513
20250821_202259_phrases_english_-1_48_3	phrases	english	48	3	0.2211	978.5804	618	92510	63	66.07857142857142	55513
20250821_202413_phrases_english_-1_48_4	phrases	english	48	4	0.2211	978.5804	618	92510	63	66.07857142857142	55513
20250821_202530_phrases_english_-1_48_5	phrases	english	48	5	0.2217	1039.2232	611	92907	56	66.36214285714286	55483
20250821_202647_phrases_english_-1_48_6	phrases	english	48	6	0.2232	1080.2321	602	93339	47	66.67071428571428	55518
20250821_202803_phrases_english_-1_48_7	phrases	english	48	7	0.2241	1123.0625	586	94404	31	67.43142857142857	55504
20250821_202916_phrases_english_-1_48_8	phrases	english	48	8	0.2308	1254.2946	571	97345	16	69.53214285714286	56013
20250821_203024_phrases_english_-1_48_9	phrases	english	48	9	0.2319	1312.0446	563	98696	8	70.49714285714286	56334
20250821_203132_phrases_english_-1_48_10	phrases	english	48	10	0.2370	1333.2679	557	99461	2	71.04357142857143	56596
20250821_203239_phrases_english_-1_48_11	phrases	english	48	11	0.2370	1333.2679	556	99507	1	71.07642857142856	56613
20250821_203347_phrases_english_-1_48_12	phrases	english	48	12	0.2369	1333.2679	555	99562	0	71.11571428571429	56633
20250821_203453_phrases_english_-1_48_13	phrases	english	48	13	0.2369	1333.2679	555	99562	0	71.11571428571429	56633
20250821_203559_phrases_english_-1_48_14	phrases	english	48	14	0.2369	1333.2679	555	99562	0	71.11571428571429	56633
20250821_203706_phrases_english_-1_48_15	phrases	english	48	15	0.2369	1333.2679	555	99562	0	71.11571428571429	56633
20250821_203811_phrases_english_-1_48_16	phrases	english	48	16	0.2369	1333.2679	555	99562	0	71.11571428571429	56633
20250821_203918_phrases_english_-1_48_17	phrases	english	48	17	0.2369	1333.2679	555	99562	0	71.11571428571429	56633
20250821_204023_phrases_english_-1_48_24	phrases	english	48	24	0.2369	1333.2679	555	99562	0	71.11571428571429	56633
20250821_204131_phrases_english_-1_48_48	phrases	english	48	48	0.2369	1333.2679	555	99562	0	71.11571428571429	56633
20250821_204237_duckdb_none_-1_0_0	duckdb	none	0	0	0.2673	6308.6607	7044	239151	0	170.82214285714286	120060
20250821_204309_phrases_none_-1_0_0	phrases	none	0	0	0.0970	913.3125	39156	138456	36189	98.89714285714285	116154
20250821_204450_phrases_none_-1_0_1	phrases	none	0	1	0.1047	1603.0804	36615	146196	33656	104.42571428571429	118449
20250821_204636_phrases_none_-1_0_2	phrases	none	0	2	0.1247	3022.9286	32862	161095	29874	115.06785714285714	113754
20250821_204825_phrases_none_-1_0_3	phrases	none	0	3	0.1425	3743.8214	29367	173800	26208	124.14285714285714	110264
20250821_205007_phrases_none_-1_0_4	phrases	none	0	4	0.1480	4465.3839	25669	184408	22135	131.72	107278
20250821_205141_phrases_none_-1_0_5	phrases	none	0	5	0.1633	5013.8304	21936	194966	18011	139.26142857142858	107632
20250821_205320_phrases_none_-1_0_6	phrases	none	0	6	0.1866	5528.0536	18408	204757	13949	146.255	108698
20250821_205451_phrases_none_-1_0_7	phrases	none	0	7	0.2138	5827.9196	15334	213775	10616	152.69642857142858	110874
20250821_205616_phrases_none_-1_0_8	phrases	none	0	8	0.2302	6159.4821	12779	223412	7754	159.58	113556
20250821_205721_phrases_none_-1_0_9	phrases	none	0	9	0.2467	6258.5089	10740	229264	5458	163.76	115465
20250821_205835_phrases_none_-1_0_10	phrases	none	0	10	0.2551	6297.1786	9304	233199	3679	166.57071428571427	117070
20250821_205947_phrases_none_-1_0_11	phrases	none	0	11	0.2631	6309.6696	8316	235477	2391	168.19785714285715	118117
20250821_210056_phrases_none_-1_0_12	phrases	none	0	12	0.2648	6309.9732	7705	237034	1514	169.31	118872
20250821_210204_phrases_none_-1_0_13	phrases	none	0	13	0.2667	6311.2500	7307	238009	881	170.00642857142856	119359
20250821_210304_phrases_none_-1_0_14	phrases	none	0	14	0.2678	6312.2768	7116	238526	491	170.37571428571428	119646
20250821_210401_phrases_none_-1_0_15	phrases	none	0	15	0.2672	6309.1250	7028	238831	283	170.59357142857144	119820
20250821_210504_phrases_none_-1_0_16	phrases	none	0	16	0.2672	6308.6607	6994	238997	142	170.71214285714285	119929
20250821_210600_phrases_none_-1_0_17	phrases	none	0	17	0.2672	6308.6607	7000	239107	44	170.79071428571427	120016
20250821_210659_phrases_none_-1_0_24	phrases	none	0	24	0.2673	6308.6607	7044	239151	0	170.82214285714286	120060
20250821_210750_phrases_none_-1_0_48	phrases	none	0	48	0.2673	6308.6607	7044	239151	0	170.82214285714286	120060
20250821_210843_phrases_none_-1_1_0	phrases	none	1	0	0.0970	913.3125	39156	138456	36189	98.89714285714285	116154
20250821_211025_phrases_none_-1_1_1	phrases	none	1	1	0.1047	1603.0804	36615	146196	33656	104.42571428571429	118449
20250821_211213_phrases_none_-1_1_2	phrases	none	1	2	0.1247	3022.9286	32862	161095	29874	115.06785714285714	113754
20250821_211402_phrases_none_-1_1_3	phrases	none	1	3	0.1425	3743.8214	29367	173800	26208	124.14285714285714	110264
20250821_211544_phrases_none_-1_1_4	phrases	none	1	4	0.1480	4465.3839	25669	184408	22135	131.72	107278
20250821_211720_phrases_none_-1_1_5	phrases	none	1	5	0.1633	5013.8304	21936	194966	18011	139.26142857142858	107632
20250821_211849_phrases_none_-1_1_6	phrases	none	1	6	0.1866	5528.0536	18408	204757	13949	146.255	108698
20250821_212018_phrases_none_-1_1_7	phrases	none	1	7	0.2138	5827.9196	15334	213775	10616	152.69642857142858	110874
20250821_212141_phrases_none_-1_1_8	phrases	none	1	8	0.2302	6159.4821	12779	223412	7754	159.58	113556
20250821_212300_phrases_none_-1_1_9	phrases	none	1	9	0.2467	6258.5089	10740	229264	5458	163.76	115465
20250821_212402_phrases_none_-1_1_10	phrases	none	1	10	0.2551	6297.1786	9304	233199	3679	166.57071428571427	117070
20250821_212504_phrases_none_-1_1_11	phrases	none	1	11	0.2631	6309.6696	8316	235477	2391	168.19785714285715	118117
20250821_212610_phrases_none_-1_1_12	phrases	none	1	12	0.2648	6309.9732	7705	237034	1514	169.31	118872
20250821_212713_phrases_none_-1_1_13	phrases	none	1	13	0.2667	6311.2500	7307	238009	881	170.00642857142856	119359
20250821_212813_phrases_none_-1_1_14	phrases	none	1	14	0.2678	6312.2768	7116	238526	491	170.37571428571428	119646
20250821_212915_phrases_none_-1_1_15	phrases	none	1	15	0.2672	6309.1250	7028	238831	283	170.59357142857144	119820
20250821_213018_phrases_none_-1_1_16	phrases	none	1	16	0.2672	6308.6607	6994	238997	142	170.71214285714285	119929
20250821_213115_phrases_none_-1_1_17	phrases	none	1	17	0.2672	6308.6607	7000	239107	44	170.79071428571427	120016
20250821_213213_phrases_none_-1_1_24	phrases	none	1	24	0.2673	6308.6607	7044	239151	0	170.82214285714286	120060
20250821_213309_phrases_none_-1_1_48	phrases	none	1	48	0.2673	6308.6607	7044	239151	0	170.82214285714286	120060
20250821_213404_phrases_none_-1_2_0	phrases	none	2	0	0.1157	1650.2500	23364	162542	19103	116.10142857142857	131171
20250821_213514_phrases_none_-1_2_1	phrases	none	2	1	0.1212	1954.4821	21484	168916	17216	120.65428571428572	131354
20250821_213621_phrases_none_-1_2_2	phrases	none	2	2	0.1449	3272.3929	18673	181497	14424	129.6407142857143	124656
20250821_213728_phrases_none_-1_2_3	phrases	none	2	3	0.1687	4007.6786	15799	192568	11537	137.54857142857142	119610
20250821_213839_phrases_none_-1_2_4	phrases	none	2	4	0.1749	4741.1071	13265	203089	8938	145.06357142857144	117056
20250821_213948_phrases_none_-1_2_5	phrases	none	2	5	0.1747	5359.5714	11084	212808	6695	152.00571428571428	117582
20250821_214052_phrases_none_-1_2_6	phrases	none	2	6	0.1970	5876.4732	9265	221388	4794	158.1342857142857	118352
20250821_214155_phrases_none_-1_2_7	phrases	none	2	7	0.2242	6147.3929	7919	228833	3427	163.45214285714286	119717
20250821_214253_phrases_none_-1_2_8	phrases	none	2	8	0.2313	6454.2321	6821	236944	2307	169.24571428571429	121637
20250821_214352_phrases_none_-1_2_9	phrases	none	2	9	0.2477	6534.2411	6007	241413	1465	172.43785714285715	122704
20250821_214452_phrases_none_-1_2_10	phrases	none	2	10	0.2526	6552.2321	5508	244141	925	174.38642857142858	123591
20250821_214552_phrases_none_-1_2_11	phrases	none	2	11	0.2595	6561.0357	5142	245542	540	175.38714285714286	124096
20250821_214652_phrases_none_-1_2_12	phrases	none	2	12	0.2648	6563.0893	4955	246452	319	176.03714285714287	124416
20250821_214748_phrases_none_-1_2_13	phrases	none	2	13	0.2644	6563.6964	4813	246970	155	176.40714285714284	124604
20250821_214844_phrases_none_-1_2_14	phrases	none	2	14	0.2643	6564.1071	4762	247174	86	176.55285714285714	124679
20250821_214940_phrases_none_-1_2_15	phrases	none	2	15	0.2640	6564.0268	4728	247324	35	176.66	124731
20250821_215036_phrases_none_-1_2_16	phrases	none	2	16	0.2640	6564.0268	4719	247372	13	176.6942857142857	124752
20250821_215129_phrases_none_-1_2_17	phrases	none	2	17	0.2640	6564.0268	4720	247398	0	176.71285714285713	124765
20250821_215223_phrases_none_-1_2_24	phrases	none	2	24	0.2640	6564.0268	4720	247398	0	176.71285714285713	124765
20250821_215314_phrases_none_-1_2_48	phrases	none	2	48	0.2640	6564.0268	4720	247398	0	176.71285714285713	124765
20250821_215408_phrases_none_-1_4_0	phrases	none	4	0	0.1447	2473.7411	12382	188395	9140	134.56785714285715	138261
20250821_215459_phrases_none_-1_4_1	phrases	none	4	1	0.1387	2535.4821	11297	192252	8053	137.32285714285715	137005
20250821_215555_phrases_none_-1_4_2	phrases	none	4	2	0.1644	3856.0982	9670	203157	6432	145.11214285714286	129190
20250821_215651_phrases_none_-1_4_3	phrases	none	4	3	0.1774	4501.5804	8084	213332	4846	152.38	124243
20250821_215742_phrases_none_-1_4_4	phrases	none	4	4	0.1817	5293.5625	6782	224561	3533	160.4007142857143	122890
20250821_215838_phrases_none_-1_4_5	phrases	none	4	5	0.1936	5850.0089	5821	232789	2560	166.27785714285713	122981
20250821_215932_phrases_none_-1_4_6	phrases	none	4	6	0.2091	6341.4643	5027	239895	1753	171.35357142857143	123552
20250821_220027_phrases_none_-1_4_7	phrases	none	4	7	0.2274	6589.6875	4456	246070	1174	175.7642857142857	124560
20250821_220125_phrases_none_-1_4_8	phrases	none	4	8	0.2410	6913.4821	4029	253029	745	180.735	126124
20250821_220220_phrases_none_-1_4_9	phrases	none	4	9	0.2558	6993.6964	3740	256538	454	183.24142857142857	126990
20250821_220316_phrases_none_-1_4_10	phrases	none	4	10	0.2595	7005.7411	3562	258648	271	184.74857142857144	127703
20250821_220409_phrases_none_-1_4_11	phrases	none	4	11	0.2637	7010.0179	3452	259500	155	185.35714285714286	128044
20250821_220501_phrases_none_-1_4_12	phrases	none	4	12	0.2674	7011.6339	3381	260125	78	185.80357142857142	128286
20250821_220554_phrases_none_-1_4_13	phrases	none	4	13	0.2676	7012.2946	3339	260403	34	186.00214285714284	128399
20250821_220645_phrases_none_-1_4_14	phrases	none	4	14	0.2658	7012.3571	3322	260507	14	186.07642857142858	128447
20250821_220737_phrases_none_-1_4_15	phrases	none	4	15	0.2655	7012.3929	3314	260568	2	186.12	128467
20250821_220829_phrases_none_-1_4_16	phrases	none	4	16	0.2655	7012.3929	3313	260575	0	186.125	128467
20250821_220918_phrases_none_-1_4_17	phrases	none	4	17	0.2655	7012.3929	3313	260575	0	186.125	128467
20250821_221009_phrases_none_-1_4_24	phrases	none	4	24	0.2655	7012.3929	3313	260575	0	186.125	128467
20250821_221058_phrases_none_-1_4_48	phrases	none	4	48	0.2655	7012.3929	3313	260575	0	186.125	128467
20250821_221147_phrases_none_-1_5_0	phrases	none	5	0	0.1425	2814.0536	10033	198152	7131	141.53714285714287	139674
20250821_221239_phrases_none_-1_5_1	phrases	none	5	1	0.1419	2834.9107	9173	201501	6271	143.92928571428573	137771
20250821_221332_phrases_none_-1_5_2	phrases	none	5	2	0.1686	4176.1518	7844	212870	4947	152.05	130897
20250821_221426_phrases_none_-1_5_3	phrases	none	5	3	0.1855	4762.8125	6592	222558	3694	158.97	126061
20250821_221518_phrases_none_-1_5_4	phrases	none	5	4	0.1942	5489.7054	5532	233443	2630	166.745	124654
20250821_221611_phrases_none_-1_5_5	phrases	none	5	5	0.1970	6042.6964	4792	241122	1886	172.23	124557
20250821_221703_phrases_none_-1_5_6	phrases	none	5	6	0.2139	6517.3750	4194	247778	1278	176.9842857142857	125103
20250821_221754_phrases_none_-1_5_7	phrases	none	5	7	0.2334	6758.7679	3767	253550	847	181.10714285714286	126007
20250821_221849_phrases_none_-1_5_8	phrases	none	5	8	0.2510	7076.6250	3440	260253	519	185.895	127535
20250821_221944_phrases_none_-1_5_9	phrases	none	5	9	0.2624	7153.5089	3235	263519	314	188.22785714285715	128348
20250821_222038_phrases_none_-1_5_10	phrases	none	5	10	0.2635	7162.5089	3107	265465	183	189.61785714285713	129025
20250821_222131_phrases_none_-1_5_11	phrases	none	5	11	0.2672	7166.5446	3034	266187	106	190.13357142857143	129317
20250821_222225_phrases_none_-1_5_12	phrases	none	5	12	0.2677	7167.8929	2983	266726	53	190.51857142857142	129538
20250821_222318_phrases_none_-1_5_13	phrases	none	5	13	0.2681	7168.3571	2955	266950	23	190.67857142857142	129634
20250821_222410_phrases_none_-1_5_14	phrases	none	5	14	0.2673	7168.4821	2944	267029	10	190.735	129667
20250821_222502_phrases_none_-1_5_15	phrases	none	5	15	0.2672	7168.5179	2938	267077	1	190.7692857142857	129682
20250821_222553_phrases_none_-1_5_16	phrases	none	5	16	0.2672	7168.5179	2937	267080	0	190.77142857142857	129681
20250821_222643_phrases_none_-1_5_17	phrases	none	5	17	0.2672	7168.5179	2937	267080	0	190.77142857142857	129681
20250821_222732_phrases_none_-1_5_24	phrases	none	5	24	0.2672	7168.5179	2937	267080	0	190.77142857142857	129681
20250821_222821_phrases_none_-1_5_48	phrases	none	5	48	0.2672	7168.5179	2937	267080	0	190.77142857142857	129681
20250821_222910_phrases_none_-1_6_0	phrases	none	6	0	0.1436	3348.1429	8496	206373	5846	147.40928571428572	140794
20250821_223003_phrases_none_-1_6_1	phrases	none	6	1	0.1523	3380.0357	7803	209918	5153	149.94142857142856	139040
20250821_223056_phrases_none_-1_6_2	phrases	none	6	2	0.1737	4652.3125	6703	221314	4055	158.08142857142857	132215
20250821_223150_phrases_none_-1_6_3	phrases	none	6	3	0.2001	5132.6786	5651	230553	3004	164.6807142857143	127425
20250821_223241_phrases_none_-1_6_4	phrases	none	6	4	0.2086	5854.2768	4772	241044	2121	172.1742857142857	126028
20250821_223336_phrases_none_-1_6_5	phrases	none	6	5	0.2104	6405.2768	4179	248276	1526	177.34	125864
20250821_223430_phrases_none_-1_6_6	phrases	none	6	6	0.2254	6838.0804	3683	254618	1024	181.87	126320
20250821_223525_phrases_none_-1_6_7	phrases	none	6	7	0.2385	7061.0625	3327	260186	666	185.84714285714287	127204
20250821_223618_phrases_none_-1_6_8	phrases	none	6	8	0.2514	7375.7232	3066	266658	405	190.47	128655
20250821_223714_phrases_none_-1_6_9	phrases	none	6	9	0.2543	7450.8125	2905	269749	244	192.67785714285714	129428
20250821_223810_phrases_none_-1_6_10	phrases	none	6	10	0.2561	7458.4911	2796	271612	132	194.00857142857143	130067
20250821_223903_phrases_none_-1_6_11	phrases	none	6	11	0.2616	7461.6786	2738	272274	72	194.48142857142858	130349
20250821_223958_phrases_none_-1_6_12	phrases	none	6	12	0.2643	7463.1607	2698	272764	30	194.83142857142857	130558
20250821_224051_phrases_none_-1_6_13	phrases	none	6	13	0.2645	7454.4464	2679	272950	9	194.96428571428572	130646
20250821_224143_phrases_none_-1_6_14	phrases	none	6	14	0.2645	7454.4464	2675	272993	4	194.995	130667
20250821_224235_phrases_none_-1_6_15	phrases	none	6	15	0.2643	7454.4643	2672	273020	0	195.0142857142857	130670
20250821_224324_phrases_none_-1_6_16	phrases	none	6	16	0.2643	7454.4643	2672	273020	0	195.0142857142857	130670
20250821_224414_phrases_none_-1_6_17	phrases	none	6	17	0.2643	7454.4643	2672	273020	0	195.0142857142857	130670
20250821_224504_phrases_none_-1_6_24	phrases	none	6	24	0.2643	7454.4643	2672	273020	0	195.0142857142857	130670
20250821_224554_phrases_none_-1_6_48	phrases	none	6	48	0.2643	7454.4643	2672	273020	0	195.0142857142857	130670
20250821_224643_phrases_none_-1_7_0	phrases	none	7	0	0.1664	3722.7143	7375	213585	4929	152.56071428571428	141494
20250821_224736_phrases_none_-1_7_1	phrases	none	7	1	0.1692	3693.1875	6780	216508	4334	154.64857142857142	139499
20250821_224828_phrases_none_-1_7_2	phrases	none	7	2	0.1883	4898.8125	5847	227404	3403	162.43142857142857	132535
20250821_224922_phrases_none_-1_7_3	phrases	none	7	3	0.2027	5512.0357	4941	237710	2497	169.79285714285714	128417
20250821_225012_phrases_none_-1_7_4	phrases	none	7	4	0.2137	6207.1786	4201	247808	1755	177.00571428571428	127055
20250821_225105_phrases_none_-1_7_5	phrases	none	7	5	0.2203	6758.3750	3692	254793	1245	181.995	126840
20250821_225159_phrases_none_-1_7_6	phrases	none	7	6	0.2304	7168.1696	3282	260774	830	186.26714285714286	127217
20250821_225254_phrases_none_-1_7_7	phrases	none	7	7	0.2428	7381.2679	2990	266094	537	190.06714285714287	128021
20250821_225349_phrases_none_-1_7_8	phrases	none	7	8	0.2538	7695.6964	2769	272417	316	194.58357142857142	129446
20250821_225445_phrases_none_-1_7_9	phrases	none	7	9	0.2590	7761.8482	2636	275372	183	196.6942857142857	130197
20250821_225541_phrases_none_-1_7_10	phrases	none	7	10	0.2602	7786.1607	2550	277111	96	197.93642857142856	130797
20250821_225632_phrases_none_-1_7_11	phrases	none	7	11	0.2641	7789.3125	2508	277686	52	198.34714285714287	131056
20250821_225724_phrases_none_-1_7_12	phrases	none	7	12	0.2650	7790.9464	2478	278119	21	198.65642857142856	131243
20250821_225816_phrases_none_-1_7_13	phrases	none	7	13	0.2651	7781.9018	2463	278283	5	198.77357142857142	131322
20250821_225907_phrases_none_-1_7_14	phrases	none	7	14	0.2651	7781.9018	2461	278314	2	198.7957142857143	131340
20250821_225958_phrases_none_-1_7_15	phrases	none	7	15	0.2651	7781.9107	2459	278329	0	198.80642857142857	131341
20250821_230049_phrases_none_-1_7_16	phrases	none	7	16	0.2651	7781.9107	2459	278329	0	198.80642857142857	131341
20250821_230140_phrases_none_-1_7_17	phrases	none	7	17	0.2651	7781.9107	2459	278329	0	198.80642857142857	131341
20250821_230229_phrases_none_-1_7_24	phrases	none	7	24	0.2651	7781.9107	2459	278329	0	198.80642857142857	131341
20250821_230319_phrases_none_-1_7_48	phrases	none	7	48	0.2651	7781.9107	2459	278329	0	198.80642857142857	131341
20250821_230408_phrases_none_-1_8_0	phrases	none	8	0	0.1774	3705.1964	6529	220276	4267	157.34	141465
20250821_230459_phrases_none_-1_8_1	phrases	none	8	1	0.1780	3908.1607	6030	222849	3768	159.17785714285714	139509
20250821_230547_phrases_none_-1_8_2	phrases	none	8	2	0.1904	5203.9286	5229	234827	2968	167.73357142857142	133023
20250821_230636_phrases_none_-1_8_3	phrases	none	8	3	0.2064	5790.0000	4435	244766	2174	174.83285714285714	128979
20250821_230727_phrases_none_-1_8_4	phrases	none	8	4	0.2201	6443.0000	3785	254655	1523	181.89642857142857	127665
20250821_230819_phrases_none_-1_8_5	phrases	none	8	5	0.2280	6976.7768	3346	261315	1083	186.65357142857144	127415
20250821_230911_phrases_none_-1_8_6	phrases	none	8	6	0.2380	7368.1429	2985	267072	717	190.7657142857143	127750
20250821_231004_phrases_none_-1_8_7	phrases	none	8	7	0.2463	7608.1696	2731	272174	463	194.41	128489
20250821_231056_phrases_none_-1_8_8	phrases	none	8	8	0.2534	7921.3393	2537	278374	269	198.83857142857144	129892
20250821_231150_phrases_none_-1_8_9	phrases	none	8	9	0.2608	7986.9911	2418	281275	150	200.91071428571428	130620
20250821_231242_phrases_none_-1_8_10	phrases	none	8	10	0.2619	8009.3482	2344	282938	75	202.09857142857143	131194
20250821_231337_phrases_none_-1_8_11	phrases	none	8	11	0.2650	8012.2054	2309	283471	39	202.4792857142857	131443
20250821_231430_phrases_none_-1_8_12	phrases	none	8	12	0.2659	8013.7232	2284	283871	13	202.765	131609
20250822_135137_phrases_none_-1_8_13	phrases	none	8	13	0.2663	8003.7232	2275	283999	3	202.85642857142858	131664
20250822_135236_phrases_none_-1_8_14	phrases	none	8	14	0.2663	8003.7232	2273	284030	0	202.87857142857143	131682
20250822_135326_phrases_none_-1_8_15	phrases	none	8	15	0.2663	8003.7232	2273	284030	0	202.87857142857143	131682
20250822_135414_phrases_none_-1_8_16	phrases	none	8	16	0.2663	8003.7232	2273	284030	0	202.87857142857143	131682
20250822_135505_phrases_none_-1_8_17	phrases	none	8	17	0.2663	8003.7232	2273	284030	0	202.87857142857143	131682
20250822_135553_phrases_none_-1_8_24	phrases	none	8	24	0.2663	8003.7232	2273	284030	0	202.87857142857143	131682
20250822_135643_phrases_none_-1_8_48	phrases	none	8	48	0.2663	8003.7232	2273	284030	0	202.87857142857143	131682
20250822_135734_phrases_none_-1_9_0	phrases	none	9	0	0.1765	4264.5268	5824	227434	3711	162.45285714285714	142163
20250822_135822_phrases_none_-1_9_1	phrases	none	9	1	0.1771	4405.6518	5384	229949	3271	164.24928571428572	140165
20250822_135914_phrases_none_-1_9_2	phrases	none	9	2	0.1962	5667.4821	4676	241572	2565	172.55142857142857	133520
20250822_140006_phrases_none_-1_9_3	phrases	none	9	3	0.2032	6229.0357	3987	251542	1876	179.67285714285714	129753
20250822_140101_phrases_none_-1_9_4	phrases	none	9	4	0.2151	6848.5714	3403	261174	1291	186.55285714285714	128432
20250822_140156_phrases_none_-1_9_5	phrases	none	9	5	0.2247	7361.9911	3018	267606	906	191.14714285714285	128162
20250822_140253_phrases_none_-1_9_6	phrases	none	9	6	0.2347	7757.4554	2729	273019	613	195.01357142857142	128423
20250822_140347_phrases_none_-1_9_7	phrases	none	9	7	0.2439	7988.0179	2504	277959	388	198.54214285714286	129108
20250822_140440_phrases_none_-1_9_8	phrases	none	9	8	0.2487	8300.4821	2336	284007	220	202.86214285714286	130474
20250822_140534_phrases_none_-1_9_9	phrases	none	9	9	0.2573	8363.0625	2242	286741	126	204.815	131156
20250822_140627_phrases_none_-1_9_10	phrases	none	9	10	0.2588	8384.6786	2181	288318	64	205.94142857142856	131709
20250822_140719_phrases_none_-1_9_11	phrases	none	9	11	0.2618	8387.3393	2150	288817	33	206.29785714285714	131931
20250822_140812_phrases_none_-1_9_12	phrases	none	9	12	0.2621	8388.7946	2130	289182	12	206.55857142857144	132086
20250822_140904_phrases_none_-1_9_13	phrases	none	9	13	0.2626	8378.4554	2122	289303	3	206.645	132139
20250823_142151_phrases_none_-1_9_14	phrases	none	9	14	0.2626	8378.4554	2120	289334	0	206.66714285714286	132157
20250823_142257_phrases_none_-1_9_15	phrases	none	9	15	0.2626	8378.4554	2120	289334	0	206.66714285714286	132157
20250823_142350_phrases_none_-1_9_16	phrases	none	9	16	0.2626	8378.4554	2120	289334	0	206.66714285714286	132157
20250823_142443_phrases_none_-1_9_17	phrases	none	9	17	0.2626	8378.4554	2120	289334	0	206.66714285714286	132157
20250823_142534_phrases_none_-1_9_24	phrases	none	9	24	0.2626	8378.4554	2120	289334	0	206.66714285714286	132157
20250823_142629_phrases_none_-1_9_48	phrases	none	9	48	0.2626	8378.4554	2120	289334	0	206.66714285714286	132157
20250823_142719_phrases_none_-1_10_0	phrases	none	10	0	0.1839	4837.4286	5285	233586	3288	166.84714285714287	141784
20250823_142810_phrases_none_-1_10_1	phrases	none	10	1	0.1863	4896.9911	4902	236075	2905	168.625	139966
20250823_142901_phrases_none_-1_10_2	phrases	none	10	2	0.1993	6019.8482	4268	247600	2273	176.85714285714286	133280
20250823_142953_phrases_none_-1_10_3	phrases	none	10	3	0.2084	6719.8304	3657	258170	1662	184.40714285714284	129966
20250823_143045_phrases_none_-1_10_4	phrases	none	10	4	0.2197	7313.3929	3140	267500	1144	191.07142857142858	128636
20250823_143137_phrases_none_-1_10_5	phrases	none	10	5	0.2284	7822.7946	2799	273691	802	195.49357142857144	128332
20250823_143232_phrases_none_-1_10_6	phrases	none	10	6	0.2351	8181.0625	2546	278907	546	199.21928571428572	128545
20250823_143326_phrases_none_-1_10_7	phrases	none	10	7	0.2448	8397.9375	2343	283700	343	202.64285714285714	129172
20250823_143420_phrases_none_-1_10_8	phrases	none	10	8	0.2492	8707.3839	2196	289586	196	206.84714285714287	130480
20250823_143514_phrases_none_-1_10_9	phrases	none	10	9	0.2563	8770.3482	2112	292248	112	208.74857142857144	131145
20250823_143608_phrases_none_-1_10_10	phrases	none	10	10	0.2576	8791.6518	2056	293784	56	209.84571428571428	131675
20250823_143702_phrases_none_-1_10_11	phrases	none	10	11	0.2615	8794.4821	2027	294274	27	210.19571428571427	131892
20250823_143755_phrases_none_-1_10_12	phrases	none	10	12	0.2611	8795.6607	2007	294631	7	210.4507142857143	132041
20250823_143849_phrases_none_-1_10_13	phrases	none	10	13	0.2625	8795.8125	2002	294733	1	210.52357142857142	132087
20250823_143942_phrases_none_-1_10_14	phrases	none	10	14	0.2625	8795.8125	2001	294746	0	210.53285714285715	132095
20250823_144033_phrases_none_-1_10_15	phrases	none	10	15	0.2625	8795.8125	2001	294746	0	210.53285714285715	132095
20250823_144127_phrases_none_-1_10_16	phrases	none	10	16	0.2625	8795.8125	2001	294746	0	210.53285714285715	132095
20250823_144218_phrases_none_-1_10_17	phrases	none	10	17	0.2625	8795.8125	2001	294746	0	210.53285714285715	132095
20250823_144311_phrases_none_-1_10_24	phrases	none	10	24	0.2625	8795.8125	2001	294746	0	210.53285714285715	132095
20250823_144401_phrases_none_-1_10_48	phrases	none	10	48	0.2625	8795.8125	2001	294746	0	210.53285714285715	132095
20250823_144452_phrases_none_-1_11_0	phrases	none	11	0	0.1889	5339.1071	4812	240846	2911	172.03285714285715	141987
20250823_144541_phrases_none_-1_11_1	phrases	none	11	1	0.1962	5380.3393	4475	243181	2574	173.7007142857143	140182
20250823_144632_phrases_none_-1_11_2	phrases	none	11	2	0.2023	6483.6071	3910	254378	2011	181.69857142857143	133529
20250823_144724_phrases_none_-1_11_3	phrases	none	11	3	0.2097	7165.3125	3371	264629	1472	189.0207142857143	130035
20250823_144816_phrases_none_-1_11_4	phrases	none	11	4	0.2197	7745.7768	2916	273943	1016	195.67357142857142	128826
20250823_144911_phrases_none_-1_11_5	phrases	none	11	5	0.2299	8245.3750	2616	279880	716	199.9142857142857	128487
20250823_145007_phrases_none_-1_11_6	phrases	none	11	6	0.2353	8594.9196	2395	284879	492	203.485	128668
20250823_145151_phrases_none_-1_11_7	phrases	none	11	7	0.2444	8805.3304	2210	289537	307	206.81214285714285	129265
20250823_145244_phrases_none_-1_11_8	phrases	none	11	8	0.2497	9110.9554	2079	295296	176	210.9257142857143	130535
20250823_145339_phrases_none_-1_11_9	phrases	none	11	9	0.2570	9184.1786	2003	297899	100	212.785	131201
20250823_145433_phrases_none_-1_11_10	phrases	none	11	10	0.2585	9205.3214	1953	299393	50	213.85214285714287	131713
20250823_145528_phrases_none_-1_11_11	phrases	none	11	11	0.2615	9207.6161	1926	299865	23	214.18928571428572	131927
20250823_145623_phrases_none_-1_11_12	phrases	none	11	12	0.2612	9208.7589	1909	300191	6	214.42214285714286	132058
20250823_145715_phrases_none_-1_11_13	phrases	none	11	13	0.2626	9208.9107	1905	300283	1	214.48785714285714	132102
20250823_145805_phrases_none_-1_11_14	phrases	none	11	14	0.2626	9208.9107	1904	300296	0	214.49714285714285	132110
20250823_145857_phrases_none_-1_11_15	phrases	none	11	15	0.2626	9208.9107	1904	300296	0	214.49714285714285	132110
20250823_145947_phrases_none_-1_11_16	phrases	none	11	16	0.2626	9208.9107	1904	300296	0	214.49714285714285	132110
20250823_150039_phrases_none_-1_11_17	phrases	none	11	17	0.2626	9208.9107	1904	300296	0	214.49714285714285	132110
20250823_150134_phrases_none_-1_11_24	phrases	none	11	24	0.2626	9208.9107	1904	300296	0	214.49714285714285	132110
20250823_150230_phrases_none_-1_11_48	phrases	none	11	48	0.2626	9208.9107	1904	300296	0	214.49714285714285	132110
20250823_150327_phrases_none_-1_16_0	phrases	none	16	0	0.2101	7610.0268	3405	269846	1865	192.74714285714285	142548
20250823_150419_phrases_none_-1_16_1	phrases	none	16	1	0.2103	7667.0804	3196	271773	1656	194.12357142857144	140763
20250823_150513_phrases_none_-1_16_2	phrases	none	16	2	0.2206	8727.2679	2835	282258	1296	201.61285714285714	134192
20250823_150608_phrases_none_-1_16_3	phrases	none	16	3	0.2268	9319.9375	2479	291955	940	208.5392857142857	130816
20250823_150704_phrases_none_-1_16_4	phrases	none	16	4	0.2380	9876.4643	2176	300256	637	214.46857142857144	129654
20250823_150801_phrases_none_-1_16_5	phrases	none	16	5	0.2410	10286.0536	1981	305424	442	218.16	129190
20250823_150857_phrases_none_-1_16_6	phrases	none	16	6	0.2390	10614.7143	1850	309616	310	221.15428571428572	129218
20250823_150956_phrases_none_-1_16_7	phrases	none	16	7	0.2470	10812.8839	1730	313731	190	224.09357142857144	129749
20250823_151048_phrases_none_-1_16_8	phrases	none	16	8	0.2570	11108.2054	1641	319121	101	227.94357142857143	130933
20250823_151143_phrases_none_-1_16_9	phrases	none	16	9	0.2589	11178.5000	1595	321395	55	229.56785714285715	131527
20250823_151239_phrases_none_-1_16_10	phrases	none	16	10	0.2597	11197.3393	1565	322647	25	230.46214285714285	131991
20250823_151335_phrases_none_-1_16_11	phrases	none	16	11	0.2616	11200.0357	1550	322989	10	230.70642857142857	132155
20250823_151430_phrases_none_-1_16_12	phrases	none	16	12	0.2626	11201.2232	1542	323222	2	230.87285714285716	132241
20250823_151524_phrases_none_-1_16_13	phrases	none	16	13	0.2627	11201.2232	1541	323278	0	230.91285714285715	132277
20250823_151618_phrases_none_-1_16_14	phrases	none	16	14	0.2627	11201.2232	1541	323278	0	230.91285714285715	132277
20250823_151710_phrases_none_-1_16_15	phrases	none	16	15	0.2627	11201.2232	1541	323278	0	230.91285714285715	132277
20250823_151809_phrases_none_-1_16_16	phrases	none	16	16	0.2627	11201.2232	1541	323278	0	230.91285714285715	132277
20250823_151905_phrases_none_-1_16_17	phrases	none	16	17	0.2627	11201.2232	1541	323278	0	230.91285714285715	132277
20250823_152001_phrases_none_-1_16_24	phrases	none	16	24	0.2627	11201.2232	1541	323278	0	230.91285714285715	132277
20250823_152057_phrases_none_-1_16_48	phrases	none	16	48	0.2627	11201.2232	1541	323278	0	230.91285714285715	132277
20250823_152153_phrases_none_-1_24_0	phrases	none	24	0	0.2166	10116.0804	2290	303650	1109	216.89285714285714	140095
20250823_152250_phrases_none_-1_24_1	phrases	none	24	1	0.2220	10134.0893	2184	304857	1003	217.755	138507
20250823_152349_phrases_none_-1_24_2	phrases	none	24	2	0.2356	11049.2143	1960	315279	780	225.1992857142857	131976
20250823_152449_phrases_none_-1_24_3	phrases	none	24	3	0.2394	11601.7232	1739	323863	559	231.3307142857143	128811
20250823_152550_phrases_none_-1_24_4	phrases	none	24	4	0.2405	12122.6696	1568	330903	387	236.3592857142857	127722
20250823_152653_phrases_none_-1_24_5	phrases	none	24	5	0.2443	12489.0357	1448	335241	267	239.45785714285714	127232
20250823_152754_phrases_none_-1_24_6	phrases	none	24	6	0.2484	12737.1071	1373	338748	192	241.96285714285713	127145
20250823_152858_phrases_none_-1_24_7	phrases	none	24	7	0.2512	12914.1696	1290	342315	109	244.51071428571427	127608
20250823_152959_phrases_none_-1_24_8	phrases	none	24	8	0.2568	13202.1518	1235	347214	54	248.01	128647
20250823_153100_phrases_none_-1_24_9	phrases	none	24	9	0.2597	13244.2768	1210	349127	29	249.37642857142856	129183
20250823_153200_phrases_none_-1_24_10	phrases	none	24	10	0.2615	13257.2321	1195	350134	14	250.09571428571428	129547
20250823_153302_phrases_none_-1_24_11	phrases	none	24	11	0.2610	13258.2946	1188	350365	7	250.26071428571427	129674
20250823_153404_phrases_none_-1_24_12	phrases	none	24	12	0.2618	13259.4554	1183	350539	2	250.385	129737
20250823_153505_phrases_none_-1_24_13	phrases	none	24	13	0.2618	13259.4554	1182	350595	0	250.425	129773
20250823_153602_phrases_none_-1_24_14	phrases	none	24	14	0.2618	13259.4554	1182	350595	0	250.425	129773
20250823_153658_phrases_none_-1_24_15	phrases	none	24	15	0.2618	13259.4554	1182	350595	0	250.425	129773
20250823_153754_phrases_none_-1_24_16	phrases	none	24	16	0.2618	13259.4554	1182	350595	0	250.425	129773
20250823_153850_phrases_none_-1_24_17	phrases	none	24	17	0.2618	13259.4554	1182	350595	0	250.425	129773
20250823_153946_phrases_none_-1_24_24	phrases	none	24	24	0.2618	13259.4554	1182	350595	0	250.425	129773
20250823_154041_phrases_none_-1_24_48	phrases	none	24	48	0.2618	13259.4554	1182	350595	0	250.425	129773
20250823_154135_phrases_none_-1_48_0	phrases	none	48	0	0.2150	11250.5089	1137	305365	434	218.11785714285713	120645
20250823_154236_phrases_none_-1_48_1	phrases	none	48	1	0.2184	11326.9732	1112	306467	409	218.905	119406
20250823_154337_phrases_none_-1_48_2	phrases	none	48	2	0.2212	12285.9018	1014	317518	311	226.79857142857142	112844
20250823_154439_phrases_none_-1_48_3	phrases	none	48	3	0.2150	12670.7054	923	324697	220	231.92642857142857	109947
20250823_154544_phrases_none_-1_48_4	phrases	none	48	4	0.2164	12991.9732	855	329593	152	235.42357142857142	108974
20250823_154650_phrases_none_-1_48_5	phrases	none	48	5	0.2245	13233.4732	809	332464	106	237.4742857142857	108531
20250823_154802_phrases_none_-1_48_6	phrases	none	48	6	0.2234	13417.4196	777	335125	74	239.375	108312
20250823_154908_phrases_none_-1_48_7	phrases	none	48	7	0.2271	13519.3750	745	337557	42	241.11214285714286	108542
20250823_155009_phrases_none_-1_48_8	phrases	none	48	8	0.2296	13760.0804	724	341539	21	243.95642857142857	109402
20250823_155109_phrases_none_-1_48_9	phrases	none	48	9	0.2326	13819.9107	713	343076	10	245.05428571428573	109809
20250823_155207_phrases_none_-1_48_10	phrases	none	48	10	0.2367	13829.0893	706	343854	3	245.61	110096
20250823_155306_phrases_none_-1_48_11	phrases	none	48	11	0.2367	13829.9821	704	343954	1	245.68142857142857	110162
20250823_155407_phrases_none_-1_48_12	phrases	none	48	12	0.2367	13829.9821	703	344009	0	245.72071428571428	110182
20250823_155506_phrases_none_-1_48_13	phrases	none	48	13	0.2367	13829.9821	703	344009	0	245.72071428571428	110182
20250823_155605_phrases_none_-1_48_14	phrases	none	48	14	0.2367	13829.9821	703	344009	0	245.72071428571428	110182
20250823_155702_phrases_none_-1_48_15	phrases	none	48	15	0.2367	13829.9821	703	344009	0	245.72071428571428	110182
20250823_155759_phrases_none_-1_48_16	phrases	none	48	16	0.2367	13829.9821	703	344009	0	245.72071428571428	110182
20250823_155857_phrases_none_-1_48_17	phrases	none	48	17	0.2367	13829.9821	703	344009	0	245.72071428571428	110182
20250823_155955_phrases_none_-1_48_24	phrases	none	48	24	0.2367	13829.9821	703	344009	0	245.72071428571428	110182
20250823_160055_phrases_none_-1_48_48	phrases	none	48	48	0.2367	13829.9821	703	344009	0	245.72071428571428	110182
