RUN_ID,MODE,STOPWORDS,MIN_FREQ,MIN_PMI,MAP,POSTINGS_COST,DICT_SIZE,TERMS_SIZE,NGRAMS,AVGDL,SUMDF
20250821_151309_duckdb_english_-1_0_0,duckdb,english,0,0,0.2881,1186.5289,6639,128030,0,91.45,80317
20250821_151346_phrases_english_-1_0_0,phrases,english,0,0,0.1572,615.7689,21928,102342,16988,73.1014285714286,77971
20250821_151545_phrases_english_-1_0_1,phrases,english,0,1,0.1629,647.7733,21685,102526,16746,73.2328571428571,77793
20250821_151754_phrases_english_-1_0_2,phrases,english,0,2,0.1688,679.1822,21052,103046,16109,73.6042857142857,77506
20250821_152001_phrases_english_-1_0_3,phrases,english,0,3,0.1669,720.2044,20102,104132,15148,74.38,77606
20250821_152210_phrases_english_-1_0_4,phrases,english,0,4,0.1778,785.1689,18662,106284,13680,75.9171428571429,77921
20250821_152408_phrases_english_-1_0_5,phrases,english,0,5,0.1905,898.9511,16899,109637,11883,78.3121428571429,78641
20250821_152601_phrases_english_-1_0_6,phrases,english,0,6,0.2069,1043.4444,14860,114007,9804,81.4335714285714,79598
20250821_152749_phrases_english_-1_0_7,phrases,english,0,7,0.2339,1188.92,12928,119090,7820,85.0642857142857,80545
20250821_152913_phrases_english_-1_0_8,phrases,english,0,8,0.2568,1361.3689,11156,126009,5981,90.0064285714286,82155
20250821_153053_phrases_english_-1_0_9,phrases,english,0,9,0.2719,1437.9778,9605,130791,4290,93.4221428571429,83560
20250821_153226_phrases_english_-1_0_10,phrases,english,0,10,0.282,1467.1689,8539,133875,2996,95.625,84619
20250821_153351_phrases_english_-1_0_11,phrases,english,0,11,0.2849,1475.1244,7730,135702,2010,96.93,85361
20250821_153515_phrases_english_-1_0_12,phrases,english,0,12,0.289,1478.2444,7220,136986,1305,97.8471428571429,85910
20250821_153639_phrases_english_-1_0_13,phrases,english,0,13,0.2919,1472.1511,6885,137827,779,98.4478571428572,86301
20250821_153752_phrases_english_-1_0_14,phrases,english,0,14,0.2911,1472.6711,6714,138289,451,98.7778571428571,86539
20250821_153909_phrases_english_-1_0_15,phrases,english,0,15,0.2907,1472.7422,6627,138579,258,98.985,86697
20250821_154022_phrases_english_-1_0_16,phrases,english,0,16,0.2906,1472.8756,6593,138733,129,99.095,86796
20250821_154138_phrases_english_-1_0_17,phrases,english,0,17,0.2906,1472.9111,6598,138829,44,99.1635714285714,86872
20250821_154243_phrases_english_-1_0_24,phrases,english,0,24,0.2906,1472.92,6639,138873,0,99.195,86916
20250821_154350_phrases_english_-1_0_48,phrases,english,0,48,0.2906,1472.92,6639,138873,0,99.195,86916
20250821_154453_phrases_english_-1_1_0,phrases,english,1,0,0.1572,615.7689,21928,102342,16988,73.1014285714286,77971
20250821_154658_phrases_english_-1_1_1,phrases,english,1,1,0.1629,647.7733,21685,102526,16746,73.2328571428571,77793
20250821_154907_phrases_english_-1_1_2,phrases,english,1,2,0.1688,679.1822,21052,103046,16109,73.6042857142857,77506
20250821_155115_phrases_english_-1_1_3,phrases,english,1,3,0.1669,720.2044,20102,104132,15148,74.38,77606
20250821_155322_phrases_english_-1_1_4,phrases,english,1,4,0.1778,785.1689,18662,106284,13680,75.9171428571429,77921
20250821_155521_phrases_english_-1_1_5,phrases,english,1,5,0.1905,898.9511,16899,109637,11883,78.3121428571429,78641
20250821_155649_phrases_english_-1_1_6,phrases,english,1,6,0.2069,1043.4444,14860,114007,9804,81.4335714285714,79598
20250821_155840_phrases_english_-1_1_7,phrases,english,1,7,0.2339,1188.92,12928,119090,7820,85.0642857142857,80545
20250821_160021_phrases_english_-1_1_8,phrases,english,1,8,0.2568,1361.3689,11156,126009,5981,90.0064285714286,82155
20250821_160158_phrases_english_-1_1_9,phrases,english,1,9,0.2719,1437.9778,9605,130791,4290,93.4221428571429,83560
20250821_160317_phrases_english_-1_1_10,phrases,english,1,10,0.282,1467.1689,8539,133875,2996,95.625,84619
20250821_160446_phrases_english_-1_1_11,phrases,english,1,11,0.2849,1475.1244,7730,135702,2010,96.93,85361
20250821_160604_phrases_english_-1_1_12,phrases,english,1,12,0.289,1478.2444,7220,136986,1305,97.8471428571429,85910
20250821_160725_phrases_english_-1_1_13,phrases,english,1,13,0.2919,1472.1511,6885,137827,779,98.4478571428572,86301
20250821_160840_phrases_english_-1_1_14,phrases,english,1,14,0.2911,1472.6711,6714,138289,451,98.7778571428571,86539
20250821_160959_phrases_english_-1_1_15,phrases,english,1,15,0.2907,1472.7422,6627,138579,258,98.985,86697
20250821_161116_phrases_english_-1_1_16,phrases,english,1,16,0.2906,1472.8756,6593,138733,129,99.095,86796
20250821_161232_phrases_english_-1_1_17,phrases,english,1,17,0.2906,1472.9111,6598,138829,44,99.1635714285714,86872
20250821_161344_phrases_english_-1_1_24,phrases,english,1,24,0.2906,1472.92,6639,138873,0,99.195,86916
20250821_161455_phrases_english_-1_1_48,phrases,english,1,48,0.2906,1472.92,6639,138873,0,99.195,86916
20250821_161601_phrases_english_-1_2_0,phrases,english,2,0,0.1763,481.4044,10740,105739,6586,75.5278571428571,79664
20250821_161715_phrases_english_-1_2_1,phrases,english,2,1,0.1772,505.9111,10666,105816,6512,75.5828571428571,79489
20250821_161827_phrases_english_-1_2_2,phrases,english,2,2,0.1794,532.6844,10427,106096,6273,75.7828571428571,79150
20250821_161940_phrases_english_-1_2_3,phrases,english,2,3,0.181,568.56,10036,106808,5881,76.2914285714286,79059
20250821_162106_phrases_english_-1_2_4,phrases,english,2,4,0.1938,622.4844,9433,108408,5271,77.4342857142857,79099
20250821_162231_phrases_english_-1_2_5,phrases,english,2,5,0.1992,731.1289,8641,111018,4475,79.2985714285714,79410
20250821_162353_phrases_english_-1_2_6,phrases,english,2,6,0.2151,867.9867,7697,114500,3528,81.7857142857143,79898
20250821_162515_phrases_english_-1_2_7,phrases,english,2,7,0.2441,1007.2267,6857,118615,2684,84.725,80372
20250821_162628_phrases_english_-1_2_8,phrases,english,2,8,0.2627,1173.8622,6083,124639,1908,89.0278571428571,81508
20250821_162739_phrases_english_-1_2_9,phrases,english,2,9,0.2718,1245.7244,5438,128486,1240,91.7757142857143,82376
20250821_162849_phrases_english_-1_2_10,phrases,english,2,10,0.2806,1271.9556,5049,130739,821,93.385,82993
20250821_163000_phrases_english_-1_2_11,phrases,english,2,11,0.2852,1277.9422,4732,131933,492,94.2378571428571,83368
20250821_163112_phrases_english_-1_2_12,phrases,english,2,12,0.2915,1279.8844,4564,132722,294,94.8014285714286,83603
20250821_163223_phrases_english_-1_2_13,phrases,english,2,13,0.2941,1280.1644,4440,133189,151,95.135,83759
20250821_163332_phrases_english_-1_2_14,phrases,english,2,14,0.2931,1280.4222,4390,133396,83,95.2828571428571,83832
20250821_163440_phrases_english_-1_2_15,phrases,english,2,15,0.2932,1280.4444,4356,133545,34,95.3892857142857,83881
20250821_163545_phrases_english_-1_2_16,phrases,english,2,16,0.2932,1280.4533,4347,133593,12,95.4235714285714,83902
20250821_163650_phrases_english_-1_2_17,phrases,english,2,17,0.2932,1280.4533,4349,133616,0,95.44,83913
20250821_163755_phrases_english_-1_2_24,phrases,english,2,24,0.2932,1280.4533,4349,133616,0,95.44,83913
20250821_163900_phrases_english_-1_2_48,phrases,english,2,48,0.2932,1280.4533,4349,133616,0,95.44,83913
20250821_164005_phrases_english_-1_4_0,phrases,english,4,0,0.1926,532.7511,5392,108052,2439,77.18,77560
20250821_164113_phrases_english_-1_4_1,phrases,english,4,1,0.1954,549.7644,5376,108073,2423,77.195,77458
20250821_164221_phrases_english_-1_4_2,phrases,english,4,2,0.1955,566.24,5305,108193,2352,77.2807142857143,77205
20250821_164328_phrases_english_-1_4_3,phrases,english,4,3,0.199,594.6533,5184,108612,2231,77.58,77121
20250821_164440_phrases_english_-1_4_4,phrases,english,4,4,0.2077,634.6889,4969,109698,2015,78.3557142857143,77107
20250821_164552_phrases_english_-1_4_5,phrases,english,4,5,0.2083,729.8622,4654,111616,1700,79.7257142857143,77189
20250821_164704_phrases_english_-1_4_6,phrases,english,4,6,0.2195,863.5956,4250,114239,1297,81.5992857142857,77437
20250821_164812_phrases_english_-1_4_7,phrases,english,4,7,0.2465,994.1956,3904,117509,950,83.935,77710
20250821_164920_phrases_english_-1_4_8,phrases,english,4,8,0.2703,1157.7733,3584,122735,630,87.6678571428571,78610
20250821_165029_phrases_english_-1_4_9,phrases,english,4,9,0.2796,1224.16,3346,125792,390,89.8514285714286,79288
20250821_165136_phrases_english_-1_4_10,phrases,english,4,10,0.287,1248.1289,3205,127524,245,91.0885714285714,79810
20250821_165242_phrases_english_-1_4_11,phrases,english,4,11,0.291,1252.4222,3106,128280,141,91.6285714285714,80077
20250821_165349_phrases_english_-1_4_12,phrases,english,4,12,0.294,1254.04,3044,128816,74,92.0114285714286,80251
20250821_165453_phrases_english_-1_4_13,phrases,english,4,13,0.2948,1254.56,3006,129079,34,92.1992857142857,80351
20250821_165558_phrases_english_-1_4_14,phrases,english,4,14,0.2938,1254.64,2989,129185,14,92.275,80400
20250821_165701_phrases_english_-1_4_15,phrases,english,4,15,0.2938,1254.6578,2981,129248,2,92.32,80420
20250821_165805_phrases_english_-1_4_16,phrases,english,4,16,0.2938,1254.6578,2980,129255,0,92.325,80420
20250821_165906_phrases_english_-1_4_17,phrases,english,4,17,0.2938,1254.6578,2980,129255,0,92.325,80420
20250821_170006_phrases_english_-1_4_24,phrases,english,4,24,0.2938,1254.6578,2980,129255,0,92.325,80420
20250821_170109_phrases_english_-1_4_48,phrases,english,4,48,0.2938,1254.6578,2980,129255,0,92.325,80420
20250821_170210_phrases_english_-1_5_0,phrases,english,5,0,0.2001,543.2089,4365,108248,1765,77.32,76546
20250821_170321_phrases_english_-1_5_1,phrases,english,5,1,0.2026,559.76,4352,108267,1752,77.3335714285714,76440
20250821_170431_phrases_english_-1_5_2,phrases,english,5,2,0.2037,573.04,4304,108355,1704,77.3964285714286,76213
20250821_170537_phrases_english_-1_5_3,phrases,english,5,3,0.2056,596.12,4228,108681,1628,77.6292857142857,76144
20250821_170644_phrases_english_-1_5_4,phrases,english,5,4,0.2156,634.8933,4068,109670,1468,78.3357142857143,76123
20250821_170757_phrases_english_-1_5_5,phrases,english,5,5,0.2173,725.4356,3835,111400,1235,79.5714285714286,76183
20250821_170908_phrases_english_-1_5_6,phrases,english,5,6,0.2309,857.5511,3536,113742,936,81.2442857142857,76390
20250821_171021_phrases_english_-1_5_7,phrases,english,5,7,0.2538,984.3911,3280,116753,680,83.395,76603
20250821_171130_phrases_english_-1_5_8,phrases,english,5,8,0.2713,1145.12,3035,121771,435,86.9792857142857,77476
20250821_171244_phrases_english_-1_5_9,phrases,english,5,9,0.2818,1208.6,2870,124598,270,88.9985714285714,78102
20250821_171401_phrases_english_-1_5_10,phrases,english,5,10,0.2888,1232.2356,2768,126202,166,90.1442857142857,78608
20250821_171511_phrases_english_-1_5_11,phrases,english,5,11,0.2923,1236.3244,2702,126846,97,90.6042857142857,78836
20250821_171623_phrases_english_-1_5_12,phrases,english,5,12,0.2926,1237.8311,2656,127310,49,90.9357142857143,79002
20250821_171734_phrases_english_-1_5_13,phrases,english,5,13,0.294,1238.1689,2632,127516,23,91.0828571428571,79084
20250821_171844_phrases_english_-1_5_14,phrases,english,5,14,0.2936,1238.24,2621,127595,10,91.1392857142857,79117
20250821_171954_phrases_english_-1_5_15,phrases,english,5,15,0.2935,1238.2578,2615,127645,1,91.175,79132
20250821_172103_phrases_english_-1_5_16,phrases,english,5,16,0.2935,1238.2578,2614,127648,0,91.1771428571429,79131
20250821_172207_phrases_english_-1_5_17,phrases,english,5,17,0.2935,1238.2578,2614,127648,0,91.1771428571429,79131
20250821_172308_phrases_english_-1_5_24,phrases,english,5,24,0.2935,1238.2578,2614,127648,0,91.1771428571429,79131
20250821_172410_phrases_english_-1_5_48,phrases,english,5,48,0.2935,1238.2578,2614,127648,0,91.1771428571429,79131
20250821_172511_phrases_english_-1_6_0,phrases,english,6,0,0.2187,592.0533,3704,108857,1354,77.755,75943
20250821_172620_phrases_english_-1_6_1,phrases,english,6,1,0.2199,602.5467,3696,108863,1346,77.7592857142857,75853
20250821_172728_phrases_english_-1_6_2,phrases,english,6,2,0.22,612.0844,3664,108937,1314,77.8121428571429,75682
20250821_172837_phrases_english_-1_6_3,phrases,english,6,3,0.2218,630.9511,3609,109185,1259,77.9892857142857,75616
20250821_172945_phrases_english_-1_6_4,phrases,english,6,4,0.23,667.9333,3490,110059,1140,78.6135714285714,75586
20250821_173055_phrases_english_-1_6_5,phrases,english,6,5,0.2286,752.7378,3326,111572,976,79.6942857142857,75634
20250821_173203_phrases_english_-1_6_6,phrases,english,6,6,0.2452,876.2889,3090,113712,740,81.2228571428571,75810
20250821_173311_phrases_english_-1_6_7,phrases,english,6,7,0.2606,1000.4489,2883,116571,533,83.265,76015
20250821_173420_phrases_english_-1_6_8,phrases,english,6,8,0.2758,1157.88,2686,121408,336,86.72,76833
20250821_173529_phrases_english_-1_6_9,phrases,english,6,9,0.2832,1219.9778,2556,124095,206,88.6392857142857,77428
20250821_173639_phrases_english_-1_6_10,phrases,english,6,10,0.2871,1243.96,2468,125638,116,89.7414285714286,77916
20250821_173744_phrases_english_-1_6_11,phrases,english,6,11,0.2896,1247.6356,2417,126211,64,90.1507142857143,78124
20250821_173850_phrases_english_-1_6_12,phrases,english,6,12,0.2913,1249.0978,2382,126624,27,90.4457142857143,78278
20250821_173954_phrases_english_-1_6_13,phrases,english,6,13,0.2927,1249.4178,2366,126799,9,90.5707142857143,78352
20250821_174055_phrases_english_-1_6_14,phrases,english,6,14,0.2928,1249.4178,2362,126842,4,90.6014285714286,78373
20250821_174202_phrases_english_-1_6_15,phrases,english,6,15,0.2927,1249.4267,2359,126869,0,90.6207142857143,78376
20250821_174303_phrases_english_-1_6_16,phrases,english,6,16,0.2927,1249.4267,2359,126869,0,90.6207142857143,78376
20250821_174405_phrases_english_-1_6_17,phrases,english,6,17,0.2927,1249.4267,2359,126869,0,90.6207142857143,78376
20250821_174506_phrases_english_-1_6_24,phrases,english,6,24,0.2927,1249.4267,2359,126869,0,90.6207142857143,78376
20250821_174605_phrases_english_-1_6_48,phrases,english,6,48,0.2927,1249.4267,2359,126869,0,90.6207142857143,78376
20250821_174706_phrases_english_-1_7_0,phrases,english,7,0,0.2257,620.9244,3223,109292,1073,78.0657142857143,75469
20250821_174816_phrases_english_-1_7_1,phrases,english,7,1,0.227,631.0978,3220,109292,1070,78.0657142857143,75375
20250821_174926_phrases_english_-1_7_2,phrases,english,7,2,0.2266,641.2,3197,109357,1047,78.1121428571429,75242
20250821_175037_phrases_english_-1_7_3,phrases,english,7,3,0.2283,659.9422,3154,109572,1004,78.2657142857143,75177
20250821_175144_phrases_english_-1_7_4,phrases,english,7,4,0.2362,695.0933,3060,110363,910,78.8307142857143,75134
20250821_175252_phrases_english_-1_7_5,phrases,english,7,5,0.2358,778.1289,2934,111748,784,79.82,75148
20250821_175400_phrases_english_-1_7_6,phrases,english,7,6,0.2455,887.64,2748,113674,598,81.1957142857143,75290
20250821_175508_phrases_english_-1_7_7,phrases,english,7,7,0.2617,1008.7733,2577,116381,427,83.1292857142857,75452
20250821_175616_phrases_english_-1_7_8,phrases,english,7,8,0.279,1165.6267,2410,121097,260,86.4978571428571,76252
20250821_175725_phrases_english_-1_7_9,phrases,english,7,9,0.2862,1227.8444,2302,123686,152,88.3471428571429,76823
20250821_175833_phrases_english_-1_7_10,phrases,english,7,10,0.2887,1250.7156,2234,125113,83,89.3664285714286,77280
20250821_175938_phrases_english_-1_7_11,phrases,english,7,11,0.2924,1254.1422,2197,125607,45,89.7192857142857,77469
20250821_180043_phrases_english_-1_7_12,phrases,english,7,12,0.2934,1255.3289,2171,125965,18,89.975,77607
20250821_180150_phrases_english_-1_7_13,phrases,english,7,13,0.2946,1255.6311,2159,126118,5,90.0842857142857,77672
20250821_180255_phrases_english_-1_7_14,phrases,english,7,14,0.2946,1255.6311,2157,126149,2,90.1064285714286,77690
20250821_180359_phrases_english_-1_7_15,phrases,english,7,15,0.2946,1255.6356,2155,126164,0,90.1171428571429,77691
20250821_180459_phrases_english_-1_7_16,phrases,english,7,16,0.2946,1255.6356,2155,126164,0,90.1171428571429,77691
20250821_180601_phrases_english_-1_7_17,phrases,english,7,17,0.2946,1255.6356,2155,126164,0,90.1171428571429,77691
20250821_180701_phrases_english_-1_7_24,phrases,english,7,24,0.2946,1255.6356,2155,126164,0,90.1171428571429,77691
20250821_180803_phrases_english_-1_7_48,phrases,english,7,48,0.2946,1255.6356,2155,126164,0,90.1171428571429,77691
20250821_180903_phrases_english_-1_8_0,phrases,english,8,0,0.2316,649.1689,2889,109018,915,77.87,74606
20250821_181009_phrases_english_-1_8_1,phrases,english,8,1,0.2315,657.3067,2887,109018,913,77.87,74543
20250821_181115_phrases_english_-1_8_2,phrases,english,8,2,0.2312,664.3556,2869,109078,895,77.9128571428572,74428
20250821_181221_phrases_english_-1_8_3,phrases,english,8,3,0.2325,679.1778,2836,109265,862,78.0464285714286,74374
20250821_181329_phrases_english_-1_8_4,phrases,english,8,4,0.2402,712.1956,2760,109979,786,78.5564285714286,74316
20250821_181436_phrases_english_-1_8_5,phrases,english,8,5,0.24,794.3644,2653,111281,679,79.4864285714286,74316
20250821_181542_phrases_english_-1_8_6,phrases,english,8,6,0.2496,900.1733,2491,113095,517,80.7821428571429,74452
20250821_181647_phrases_english_-1_8_7,phrases,english,8,7,0.2618,1015.8711,2344,115664,370,82.6171428571429,74580
20250821_181753_phrases_english_-1_8_8,phrases,english,8,8,0.2772,1170.4267,2195,120281,221,85.915,75361
20250821_181857_phrases_english_-1_8_9,phrases,english,8,9,0.284,1232.3556,2098,122819,124,87.7278571428572,75917
20250821_182001_phrases_english_-1_8_10,phrases,english,8,10,0.2875,1254.6133,2041,124179,66,88.6992857142857,76350
20250821_182107_phrases_english_-1_8_11,phrases,english,8,11,0.2902,1257.7244,2011,124630,36,89.0214285714286,76527
20250821_182212_phrases_english_-1_8_12,phrases,english,8,12,0.2914,1258.8222,1989,124960,13,89.2571428571429,76647
20250821_182315_phrases_english_-1_8_13,phrases,english,8,13,0.2933,1259.0711,1980,125093,3,89.3521428571429,76703
20250821_182419_phrases_english_-1_8_14,phrases,english,8,14,0.2933,1259.0711,1978,125124,0,89.3742857142857,76721
20250821_182522_phrases_english_-1_8_15,phrases,english,8,15,0.2933,1259.0711,1978,125124,0,89.3742857142857,76721
20250821_182622_phrases_english_-1_8_16,phrases,english,8,16,0.2933,1259.0711,1978,125124,0,89.3742857142857,76721
20250821_182724_phrases_english_-1_8_17,phrases,english,8,17,0.2933,1259.0711,1978,125124,0,89.3742857142857,76721
20250821_182826_phrases_english_-1_8_24,phrases,english,8,24,0.2933,1259.0711,1978,125124,0,89.3742857142857,76721
20250821_182929_phrases_english_-1_8_48,phrases,english,8,48,0.2933,1259.0711,1978,125124,0,89.3742857142857,76721
20250821_183032_phrases_english_-1_9_0,phrases,english,9,0,0.2319,667.56,2586,108956,760,77.8257142857143,73877
20250821_183140_phrases_english_-1_9_1,phrases,english,9,1,0.2318,675.8,2584,108956,758,77.8257142857143,73814
20250821_183247_phrases_english_-1_9_2,phrases,english,9,2,0.2318,682.2622,2572,109008,746,77.8628571428571,73713
20250821_183354_phrases_english_-1_9_3,phrases,english,9,3,0.2328,697,2546,109180,720,77.9857142857143,73670
20250821_183457_phrases_english_-1_9_4,phrases,english,9,4,0.2416,729.7556,2482,109843,656,78.4592857142857,73615
20250821_183604_phrases_english_-1_9_5,phrases,english,9,5,0.2402,811.8044,2392,111075,566,79.3392857142857,73618
20250821_183708_phrases_english_-1_9_6,phrases,english,9,6,0.251,913.0622,2263,112722,437,80.5157142857143,73737
20250821_183815_phrases_english_-1_9_7,phrases,english,9,7,0.2631,1024.6222,2134,115185,308,82.275,73839
20250821_183919_phrases_english_-1_9_8,phrases,english,9,8,0.2781,1178.4178,2007,119663,181,85.4735714285714,74601
20250821_184024_phrases_english_-1_9_9,phrases,english,9,9,0.2834,1239.9556,1930,122062,104,87.1871428571429,75124
20250821_184129_phrases_english_-1_9_10,phrases,english,9,10,0.2879,1261.8933,1885,123339,58,88.0992857142857,75539
20250821_184233_phrases_english_-1_9_11,phrases,english,9,11,0.2909,1264.8578,1858,123770,31,88.4071428571429,75702
20250821_184338_phrases_english_-1_9_12,phrases,english,9,12,0.2917,1265.9867,1840,124073,12,88.6235714285714,75818
20250821_184440_phrases_english_-1_9_13,phrases,english,9,13,0.2938,1266.2267,1832,124199,3,88.7135714285714,75872
20250821_184542_phrases_english_-1_9_14,phrases,english,9,14,0.2938,1266.2267,1830,124230,0,88.7357142857143,75890
20250821_184643_phrases_english_-1_9_15,phrases,english,9,15,0.2938,1266.2267,1830,124230,0,88.7357142857143,75890
20250821_184744_phrases_english_-1_9_16,phrases,english,9,16,0.2938,1266.2267,1830,124230,0,88.7357142857143,75890
20250821_184846_phrases_english_-1_9_17,phrases,english,9,17,0.2938,1266.2267,1830,124230,0,88.7357142857143,75890
20250821_184947_phrases_english_-1_9_24,phrases,english,9,24,0.2938,1266.2267,1830,124230,0,88.7357142857143,75890
20250821_185048_phrases_english_-1_9_48,phrases,english,9,48,0.2938,1266.2267,1830,124230,0,88.7357142857143,75890
20250821_185148_phrases_english_-1_10_0,phrases,english,10,0,0.2332,672.2444,2384,108086,665,77.2042857142857,72858
20250821_185253_phrases_english_-1_10_1,phrases,english,10,1,0.2334,680.7022,2382,108086,663,77.2042857142857,72793
20250821_185400_phrases_english_-1_10_2,phrases,english,10,2,0.2335,685.4933,2375,108129,656,77.235,72741
20250821_185504_phrases_english_-1_10_3,phrases,english,10,3,0.2348,697.3644,2352,108284,633,77.3457142857143,72700
20250821_185610_phrases_english_-1_10_4,phrases,english,10,4,0.2421,729.24,2298,108895,579,77.7821428571429,72637
20250821_185716_phrases_english_-1_10_5,phrases,english,10,5,0.2405,809.6133,2220,110076,501,78.6257142857143,72645
20250821_185821_phrases_english_-1_10_6,phrases,english,10,6,0.2524,909,2108,111644,389,79.7457142857143,72756
20250821_185928_phrases_english_-1_10_7,phrases,english,10,7,0.2623,1018.08,1992,114024,273,81.4457142857143,72840
20250821_190034_phrases_english_-1_10_8,phrases,english,10,8,0.2778,1170.2978,1878,118417,159,84.5835714285714,73574
20250821_190141_phrases_english_-1_10_9,phrases,english,10,9,0.2844,1231.8,1810,120744,91,86.2457142857143,74083
20250821_190246_phrases_english_-1_10_10,phrases,english,10,10,0.2881,1253.2089,1770,121970,51,87.1214285714286,74476
20250821_190350_phrases_english_-1_10_11,phrases,english,10,11,0.2904,1256.1689,1744,122397,25,87.4264285714286,74639
20250821_190454_phrases_english_-1_10_12,phrases,english,10,12,0.2914,1257.3156,1726,122699,7,87.6421428571429,74751
20250821_190557_phrases_english_-1_10_13,phrases,english,10,13,0.2934,1257.5467,1721,122801,1,87.715,74797
20250821_190658_phrases_english_-1_10_14,phrases,english,10,14,0.2934,1257.5467,1720,122814,0,87.7242857142857,74805
20250821_190800_phrases_english_-1_10_15,phrases,english,10,15,0.2934,1257.5467,1720,122814,0,87.7242857142857,74805
20250821_190901_phrases_english_-1_10_16,phrases,english,10,16,0.2934,1257.5467,1720,122814,0,87.7242857142857,74805
20250821_191001_phrases_english_-1_10_17,phrases,english,10,17,0.2934,1257.5467,1720,122814,0,87.7242857142857,74805
20250821_191102_phrases_english_-1_10_24,phrases,english,10,24,0.2934,1257.5467,1720,122814,0,87.7242857142857,74805
20250821_191204_phrases_english_-1_10_48,phrases,english,10,48,0.2934,1257.5467,1720,122814,0,87.7242857142857,74805
20250821_191305_phrases_english_-1_11_0,phrases,english,11,0,0.2415,685.3067,2199,107573,569,76.8378571428572,72070
20250821_191412_phrases_english_-1_11_1,phrases,english,11,1,0.2412,695.8444,2197,107573,567,76.8378571428572,72004
20250821_191518_phrases_english_-1_11_2,phrases,english,11,2,0.2414,699.7867,2191,107616,561,76.8685714285714,71976
20250821_191623_phrases_english_-1_11_3,phrases,english,11,3,0.2423,708.1333,2173,107741,543,76.9578571428571,71932
20250821_191730_phrases_english_-1_11_4,phrases,english,11,4,0.2486,739.4311,2128,108308,498,77.3628571428571,71872
20250821_191837_phrases_english_-1_11_5,phrases,english,11,5,0.2486,818.3244,2065,109381,435,78.1292857142857,71865
20250821_191942_phrases_english_-1_11_6,phrases,english,11,6,0.2586,912.8089,1971,110817,341,79.155,71977
20250821_192050_phrases_english_-1_11_7,phrases,english,11,7,0.2684,1020.5689,1868,113100,238,80.7857142857143,72052
20250821_192157_phrases_english_-1_11_8,phrases,english,11,8,0.28,1169.0889,1769,117377,139,83.8407142857143,72755
20250821_192305_phrases_english_-1_11_9,phrases,english,11,9,0.2862,1229.9644,1709,119653,79,85.4664285714286,73262
20250821_192411_phrases_english_-1_11_10,phrases,english,11,10,0.29,1251.4178,1675,120836,45,86.3114285714286,73640
20250821_192514_phrases_english_-1_11_11,phrases,english,11,11,0.2926,1254.3378,1651,121253,21,86.6092857142857,73802
20250821_192619_phrases_english_-1_11_12,phrases,english,11,12,0.2935,1255.5022,1636,121524,6,86.8028571428572,73896
20250821_192722_phrases_english_-1_11_13,phrases,english,11,13,0.2954,1255.7333,1632,121616,1,86.8685714285714,73940
20250821_192826_phrases_english_-1_11_14,phrases,english,11,14,0.2954,1255.7333,1631,121629,0,86.8778571428571,73948
20250821_192926_phrases_english_-1_11_15,phrases,english,11,15,0.2954,1255.7333,1631,121629,0,86.8778571428571,73948
20250821_193028_phrases_english_-1_11_16,phrases,english,11,16,0.2954,1255.7333,1631,121629,0,86.8778571428571,73948
20250821_193130_phrases_english_-1_11_17,phrases,english,11,17,0.2954,1255.7333,1631,121629,0,86.8778571428571,73948
20250821_193231_phrases_english_-1_11_24,phrases,english,11,24,0.2954,1255.7333,1631,121629,0,86.8778571428571,73948
20250821_193332_phrases_english_-1_11_48,phrases,english,11,48,0.2954,1255.7333,1631,121629,0,86.8778571428571,73948
20250821_193434_phrases_english_-1_16_0,phrases,english,16,0,0.2509,750.68,1636,105876,341,75.6257142857143,69335
20250821_193542_phrases_english_-1_16_1,phrases,english,16,1,0.2519,760.1022,1635,105876,340,75.6257142857143,69280
20250821_193650_phrases_english_-1_16_2,phrases,english,16,2,0.2522,764.4444,1632,105914,337,75.6528571428571,69255
20250821_193800_phrases_english_-1_16_3,phrases,english,16,3,0.2528,769.4533,1626,105979,331,75.6992857142857,69229
20250821_193906_phrases_english_-1_16_4,phrases,english,16,4,0.2599,794.3111,1601,106384,306,75.9885714285714,69176
20250821_194014_phrases_english_-1_16_5,phrases,english,16,5,0.2598,866.7333,1561,107293,266,76.6378571428571,69150
20250821_194123_phrases_english_-1_16_6,phrases,english,16,6,0.2687,954.0933,1510,108396,215,77.4257142857143,69226
20250821_194231_phrases_english_-1_16_7,phrases,english,16,7,0.2794,1051.0711,1444,110382,149,78.8442857142857,69303
20250821_194338_phrases_english_-1_16_8,phrases,english,16,8,0.2889,1196.1689,1376,114387,81,81.705,69972
20250821_194444_phrases_english_-1_16_9,phrases,english,16,9,0.2921,1254.3822,1338,116428,43,83.1628571428572,70454
20250821_194552_phrases_english_-1_16_10,phrases,english,16,10,0.2937,1273.9022,1315,117488,20,83.92,70823
20250821_194658_phrases_english_-1_16_11,phrases,english,16,11,0.2964,1275.8978,1303,117767,8,84.1192857142857,70932
20250821_194805_phrases_english_-1_16_12,phrases,english,16,12,0.297,1276.4711,1297,117934,2,84.2385714285714,70985
20250821_194908_phrases_english_-1_16_13,phrases,english,16,13,0.2978,1276.6267,1296,117990,0,84.2785714285714,71021
20250821_195009_phrases_english_-1_16_14,phrases,english,16,14,0.2978,1276.6267,1296,117990,0,84.2785714285714,71021
20250821_195111_phrases_english_-1_16_15,phrases,english,16,15,0.2978,1276.6267,1296,117990,0,84.2785714285714,71021
20250821_195213_phrases_english_-1_16_16,phrases,english,16,16,0.2978,1276.6267,1296,117990,0,84.2785714285714,71021
20250821_195317_phrases_english_-1_16_17,phrases,english,16,17,0.2978,1276.6267,1296,117990,0,84.2785714285714,71021
20250821_195420_phrases_english_-1_16_24,phrases,english,16,24,0.2978,1276.6267,1296,117990,0,84.2785714285714,71021
20250821_195523_phrases_english_-1_16_48,phrases,english,16,48,0.2978,1276.6267,1296,117990,0,84.2785714285714,71021
20250821_195625_phrases_english_-1_24_0,phrases,english,24,0,0.2563,830.7778,1164,102808,188,73.4342857142857,65298
20250821_195736_phrases_english_-1_24_1,phrases,english,24,1,0.2563,830.7778,1164,102808,188,73.4342857142857,65298
20250821_195846_phrases_english_-1_24_2,phrases,english,24,2,0.2568,832.8356,1163,102829,187,73.4492857142857,65298
20250821_195955_phrases_english_-1_24_3,phrases,english,24,3,0.2571,835.2089,1160,102878,184,73.4842857142857,65300
20250821_200110_phrases_english_-1_24_4,phrases,english,24,4,0.2617,860.1378,1149,103170,173,73.6928571428571,65267
20250821_200223_phrases_english_-1_24_5,phrases,english,24,5,0.2614,926.7244,1130,103803,154,74.145,65236
20250821_200336_phrases_english_-1_24_6,phrases,english,24,6,0.267,998.0267,1104,104578,128,74.6985714285714,65277
20250821_200446_phrases_english_-1_24_7,phrases,english,24,7,0.2751,1084.6889,1059,106255,83,75.8964285714286,65345
20250821_200555_phrases_english_-1_24_8,phrases,english,24,8,0.2851,1221.0756,1017,109871,41,78.4792857142857,65953
20250821_200704_phrases_english_-1_24_9,phrases,english,24,9,0.2879,1276.6711,997,111630,21,79.7357142857143,66378
20250821_200814_phrases_english_-1_24_10,phrases,english,24,10,0.2891,1293.3867,987,112484,11,80.3457142857143,66677
20250821_200922_phrases_english_-1_24_11,phrases,english,24,11,0.2885,1293.6311,982,112649,6,80.4635714285714,66753
20250821_201030_phrases_english_-1_24_12,phrases,english,24,12,0.2894,1294.1733,978,112780,2,80.5571428571429,66795
20250821_201135_phrases_english_-1_24_13,phrases,english,24,13,0.2901,1294.3289,977,112836,0,80.5971428571429,66831
20250821_201240_phrases_english_-1_24_14,phrases,english,24,14,0.2901,1294.3289,977,112836,0,80.5971428571429,66831
20250821_201345_phrases_english_-1_24_15,phrases,english,24,15,0.2901,1294.3289,977,112836,0,80.5971428571429,66831
20250821_201450_phrases_english_-1_24_16,phrases,english,24,16,0.2901,1294.3289,977,112836,0,80.5971428571429,66831
20250821_201555_phrases_english_-1_24_17,phrases,english,24,17,0.2901,1294.3289,977,112836,0,80.5971428571429,66831
20250821_201658_phrases_english_-1_24_24,phrases,english,24,24,0.29,1294.3289,977,112836,0,80.5971428571429,66831
20250821_201803_phrases_english_-1_24_48,phrases,english,24,48,0.2901,1294.3289,977,112836,0,80.5971428571429,66831
20250821_201908_phrases_english_-1_48_0,phrases,english,48,0,0.2497,996.7733,618,92510,63,66.0785714285714,55513
20250821_202024_phrases_english_-1_48_1,phrases,english,48,1,0.2497,996.7733,618,92510,63,66.0785714285714,55513
20250821_202142_phrases_english_-1_48_2,phrases,english,48,2,0.2497,996.7733,618,92510,63,66.0785714285714,55513
20250821_202259_phrases_english_-1_48_3,phrases,english,48,3,0.2497,996.7733,618,92510,63,66.0785714285714,55513
20250821_202413_phrases_english_-1_48_4,phrases,english,48,4,0.2497,996.7733,618,92510,63,66.0785714285714,55513
20250821_202530_phrases_english_-1_48_5,phrases,english,48,5,0.2498,1043.0844,611,92907,56,66.3621428571429,55483
20250821_202647_phrases_english_-1_48_6,phrases,english,48,6,0.2527,1091.3244,602,93339,47,66.6707142857143,55518
20250821_202803_phrases_english_-1_48_7,phrases,english,48,7,0.2573,1146.56,586,94404,31,67.4314285714286,55504
20250821_202916_phrases_english_-1_48_8,phrases,english,48,8,0.2631,1262.5467,571,97345,16,69.5321428571429,56013
20250821_203024_phrases_english_-1_48_9,phrases,english,48,9,0.2642,1310.9689,563,98696,8,70.4971428571429,56334
20250821_203132_phrases_english_-1_48_10,phrases,english,48,10,0.2658,1327.4622,557,99461,2,71.0435714285714,56596
20250821_203239_phrases_english_-1_48_11,phrases,english,48,11,0.2658,1327.4622,556,99507,1,71.0764285714286,56613
20250821_203347_phrases_english_-1_48_12,phrases,english,48,12,0.2659,1327.6933,555,99562,0,71.1157142857143,56633
20250821_203453_phrases_english_-1_48_13,phrases,english,48,13,0.2659,1327.6933,555,99562,0,71.1157142857143,56633
20250821_203559_phrases_english_-1_48_14,phrases,english,48,14,0.2659,1327.6933,555,99562,0,71.1157142857143,56633
20250821_203706_phrases_english_-1_48_15,phrases,english,48,15,0.2659,1327.6933,555,99562,0,71.1157142857143,56633
20250821_203811_phrases_english_-1_48_16,phrases,english,48,16,0.2659,1327.6933,555,99562,0,71.1157142857143,56633
20250821_203918_phrases_english_-1_48_17,phrases,english,48,17,0.2659,1327.6933,555,99562,0,71.1157142857143,56633
20250821_204023_phrases_english_-1_48_24,phrases,english,48,24,0.2659,1327.6933,555,99562,0,71.1157142857143,56633
20250821_204131_phrases_english_-1_48_48,phrases,english,48,48,0.2659,1327.6933,555,99562,0,71.1157142857143,56633
20250821_204237_duckdb_none_-1_0_0,duckdb,none,0,0,0.2713,6398.7067,7044,239151,0,170.822142857143,120060
20250821_204309_phrases_none_-1_0_0,phrases,none,0,0,0.0942,993.1911,39156,138456,36189,98.8971428571429,116154
20250821_204450_phrases_none_-1_0_1,phrases,none,0,1,0.1055,1717.4222,36615,146196,33656,104.425714285714,118449
20250821_204636_phrases_none_-1_0_2,phrases,none,0,2,0.1207,3081.1644,32862,161095,29874,115.067857142857,113754
20250821_204825_phrases_none_-1_0_3,phrases,none,0,3,0.1435,3806.4978,29367,173800,26208,124.142857142857,110264
20250821_205007_phrases_none_-1_0_4,phrases,none,0,4,0.1507,4584.7244,25669,184408,22135,131.72,107278
20250821_205141_phrases_none_-1_0_5,phrases,none,0,5,0.1673,5141.7111,21936,194966,18011,139.261428571429,107632
20250821_205320_phrases_none_-1_0_6,phrases,none,0,6,0.1875,5642.2356,18408,204757,13949,146.255,108698
20250821_205451_phrases_none_-1_0_7,phrases,none,0,7,0.2195,5955.6222,15334,213775,10616,152.696428571429,110874
20250821_205616_phrases_none_-1_0_8,phrases,none,0,8,0.2366,6283.9156,12779,223412,7754,159.58,113556
20250821_205721_phrases_none_-1_0_9,phrases,none,0,9,0.2547,6367.4133,10740,229264,5458,163.76,115465
20250821_205835_phrases_none_-1_0_10,phrases,none,0,10,0.2623,6401.1067,9304,233199,3679,166.570714285714,117070
20250821_205947_phrases_none_-1_0_11,phrases,none,0,11,0.2665,6404.6533,8316,235477,2391,168.197857142857,118117
20250821_210056_phrases_none_-1_0_12,phrases,none,0,12,0.2701,6404.6622,7705,237034,1514,169.31,118872
20250821_210204_phrases_none_-1_0_13,phrases,none,0,13,0.2732,6399.6311,7307,238009,881,170.006428571429,119359
20250821_210304_phrases_none_-1_0_14,phrases,none,0,14,0.2715,6400.4711,7116,238526,491,170.375714285714,119646
20250821_210401_phrases_none_-1_0_15,phrases,none,0,15,0.2713,6398.9156,7028,238831,283,170.593571428571,119820
20250821_210504_phrases_none_-1_0_16,phrases,none,0,16,0.2712,6398.7067,6994,238997,142,170.712142857143,119929
20250821_210600_phrases_none_-1_0_17,phrases,none,0,17,0.2712,6398.7067,7000,239107,44,170.790714285714,120016
20250821_210659_phrases_none_-1_0_24,phrases,none,0,24,0.2713,6398.7067,7044,239151,0,170.822142857143,120060
20250821_210750_phrases_none_-1_0_48,phrases,none,0,48,0.2713,6398.7067,7044,239151,0,170.822142857143,120060
20250821_210843_phrases_none_-1_1_0,phrases,none,1,0,0.0942,993.1911,39156,138456,36189,98.8971428571429,116154
20250821_211025_phrases_none_-1_1_1,phrases,none,1,1,0.1055,1717.4222,36615,146196,33656,104.425714285714,118449
20250821_211213_phrases_none_-1_1_2,phrases,none,1,2,0.1207,3081.1644,32862,161095,29874,115.067857142857,113754
20250821_211402_phrases_none_-1_1_3,phrases,none,1,3,0.1435,3806.4978,29367,173800,26208,124.142857142857,110264
20250821_211544_phrases_none_-1_1_4,phrases,none,1,4,0.1507,4584.7244,25669,184408,22135,131.72,107278
20250821_211720_phrases_none_-1_1_5,phrases,none,1,5,0.1673,5141.7111,21936,194966,18011,139.261428571429,107632
20250821_211849_phrases_none_-1_1_6,phrases,none,1,6,0.1875,5642.2356,18408,204757,13949,146.255,108698
20250821_212018_phrases_none_-1_1_7,phrases,none,1,7,0.2195,5955.6222,15334,213775,10616,152.696428571429,110874
20250821_212141_phrases_none_-1_1_8,phrases,none,1,8,0.2366,6283.9156,12779,223412,7754,159.58,113556
20250821_212300_phrases_none_-1_1_9,phrases,none,1,9,0.2547,6367.4133,10740,229264,5458,163.76,115465
20250821_212402_phrases_none_-1_1_10,phrases,none,1,10,0.2623,6401.1067,9304,233199,3679,166.570714285714,117070
20250821_212504_phrases_none_-1_1_11,phrases,none,1,11,0.2665,6404.6533,8316,235477,2391,168.197857142857,118117
20250821_212610_phrases_none_-1_1_12,phrases,none,1,12,0.2701,6404.6622,7705,237034,1514,169.31,118872
20250821_212713_phrases_none_-1_1_13,phrases,none,1,13,0.2732,6399.6311,7307,238009,881,170.006428571429,119359
20250821_212813_phrases_none_-1_1_14,phrases,none,1,14,0.2715,6400.4711,7116,238526,491,170.375714285714,119646
20250821_212915_phrases_none_-1_1_15,phrases,none,1,15,0.2713,6398.9156,7028,238831,283,170.593571428571,119820
20250821_213018_phrases_none_-1_1_16,phrases,none,1,16,0.2712,6398.7067,6994,238997,142,170.712142857143,119929
20250821_213115_phrases_none_-1_1_17,phrases,none,1,17,0.2712,6398.7067,7000,239107,44,170.790714285714,120016
20250821_213213_phrases_none_-1_1_24,phrases,none,1,24,0.2713,6398.7067,7044,239151,0,170.822142857143,120060
20250821_213309_phrases_none_-1_1_48,phrases,none,1,48,0.2713,6398.7067,7044,239151,0,170.822142857143,120060
20250821_213404_phrases_none_-1_2_0,phrases,none,2,0,0.1154,1745.04,23364,162542,19103,116.101428571429,131171
20250821_213514_phrases_none_-1_2_1,phrases,none,2,1,0.1229,2070.4133,21484,168916,17216,120.654285714286,131354
20250821_213621_phrases_none_-1_2_2,phrases,none,2,2,0.1401,3326.2889,18673,181497,14424,129.640714285714,124656
20250821_213728_phrases_none_-1_2_3,phrases,none,2,3,0.1644,4067.1778,15799,192568,11537,137.548571428571,119610
20250821_213839_phrases_none_-1_2_4,phrases,none,2,4,0.1745,4861.9111,13265,203089,8938,145.063571428571,117056
20250821_213948_phrases_none_-1_2_5,phrases,none,2,5,0.1804,5467.8489,11084,212808,6695,152.005714285714,117582
20250821_214052_phrases_none_-1_2_6,phrases,none,2,6,0.1945,5972.6889,9265,221388,4794,158.134285714286,118352
20250821_214155_phrases_none_-1_2_7,phrases,none,2,7,0.2309,6242.5378,7919,228833,3427,163.452142857143,119717
20250821_214253_phrases_none_-1_2_8,phrases,none,2,8,0.2438,6542.0267,6821,236944,2307,169.245714285714,121637
20250821_214352_phrases_none_-1_2_9,phrases,none,2,9,0.2561,6613.5289,6007,241413,1465,172.437857142857,122704
20250821_214452_phrases_none_-1_2_10,phrases,none,2,10,0.2624,6643.6178,5508,244141,925,174.386428571429,123591
20250821_214552_phrases_none_-1_2_11,phrases,none,2,11,0.2667,6644.04,5142,245542,540,175.387142857143,124096
20250821_214652_phrases_none_-1_2_12,phrases,none,2,12,0.2718,6639.4489,4955,246452,319,176.037142857143,124416
20250821_214748_phrases_none_-1_2_13,phrases,none,2,13,0.2737,6628.8178,4813,246970,155,176.407142857143,124604
20250821_214844_phrases_none_-1_2_14,phrases,none,2,14,0.2717,6629.0756,4762,247174,86,176.552857142857,124679
20250821_214940_phrases_none_-1_2_15,phrases,none,2,15,0.2715,6628.9733,4728,247324,35,176.66,124731
20250821_215036_phrases_none_-1_2_16,phrases,none,2,16,0.2715,6628.9822,4719,247372,13,176.694285714286,124752
20250821_215129_phrases_none_-1_2_17,phrases,none,2,17,0.2715,6628.9822,4720,247398,0,176.712857142857,124765
20250821_215223_phrases_none_-1_2_24,phrases,none,2,24,0.2715,6628.9822,4720,247398,0,176.712857142857,124765
20250821_215314_phrases_none_-1_2_48,phrases,none,2,48,0.2715,6628.9822,4720,247398,0,176.712857142857,124765
20250821_215408_phrases_none_-1_4_0,phrases,none,4,0,0.1461,2589.8978,12382,188395,9140,134.567857142857,138261
20250821_215459_phrases_none_-1_4_1,phrases,none,4,1,0.1444,2758.8267,11297,192252,8053,137.322857142857,137005
20250821_215555_phrases_none_-1_4_2,phrases,none,4,2,0.164,3959.3022,9670,203157,6432,145.112142857143,129190
20250821_215651_phrases_none_-1_4_3,phrases,none,4,3,0.1769,4594.3511,8084,213332,4846,152.38,124243
20250821_215742_phrases_none_-1_4_4,phrases,none,4,4,0.1844,5439.9733,6782,224561,3533,160.400714285714,122890
20250821_215838_phrases_none_-1_4_5,phrases,none,4,5,0.1932,5984.7556,5821,232789,2560,166.277857142857,122981
20250821_215932_phrases_none_-1_4_6,phrases,none,4,6,0.2036,6447.0711,5027,239895,1753,171.353571428571,123552
20250821_220027_phrases_none_-1_4_7,phrases,none,4,7,0.2349,6677.3422,4456,246070,1174,175.764285714286,124560
20250821_220125_phrases_none_-1_4_8,phrases,none,4,8,0.2532,6985.3689,4029,253029,745,180.735,126124
20250821_220220_phrases_none_-1_4_9,phrases,none,4,9,0.2624,7053.5378,3740,256538,454,183.241428571429,126990
20250821_220316_phrases_none_-1_4_10,phrases,none,4,10,0.2687,7082.6844,3562,258648,271,184.748571428571,127703
20250821_220409_phrases_none_-1_4_11,phrases,none,4,11,0.2729,7086.9689,3452,259500,155,185.357142857143,128044
20250821_220501_phrases_none_-1_4_12,phrases,none,4,12,0.2745,7088.2,3381,260125,78,185.803571428571,128286
20250821_220554_phrases_none_-1_4_13,phrases,none,4,13,0.276,7070.1378,3339,260403,34,186.002142857143,128399
20250821_220645_phrases_none_-1_4_14,phrases,none,4,14,0.2732,7070.12,3322,260507,14,186.076428571429,128447
20250821_220737_phrases_none_-1_4_15,phrases,none,4,15,0.2731,7070.1378,3314,260568,2,186.12,128467
20250821_220829_phrases_none_-1_4_16,phrases,none,4,16,0.2731,7070.1378,3313,260575,0,186.125,128467
20250821_220918_phrases_none_-1_4_17,phrases,none,4,17,0.2731,7070.1378,3313,260575,0,186.125,128467
20250821_221009_phrases_none_-1_4_24,phrases,none,4,24,0.2731,7070.1378,3313,260575,0,186.125,128467
20250821_221058_phrases_none_-1_4_48,phrases,none,4,48,0.2731,7070.1378,3313,260575,0,186.125,128467
20250821_221147_phrases_none_-1_5_0,phrases,none,5,0,0.1429,3014.3378,10033,198152,7131,141.537142857143,139674
20250821_221239_phrases_none_-1_5_1,phrases,none,5,1,0.1459,3176.7422,9173,201501,6271,143.929285714286,137771
20250821_221332_phrases_none_-1_5_2,phrases,none,5,2,0.1694,4324.3956,7844,212870,4947,152.05,130897
20250821_221426_phrases_none_-1_5_3,phrases,none,5,3,0.1848,4856.9378,6592,222558,3694,158.97,126061
20250821_221518_phrases_none_-1_5_4,phrases,none,5,4,0.194,5609.7467,5532,233443,2630,166.745,124654
20250821_221611_phrases_none_-1_5_5,phrases,none,5,5,0.1988,6169.1289,4792,241122,1886,172.23,124557
20250821_221703_phrases_none_-1_5_6,phrases,none,5,6,0.2122,6620.8267,4194,247778,1278,176.984285714286,125103
20250821_221754_phrases_none_-1_5_7,phrases,none,5,7,0.2399,6869.0356,3767,253550,847,181.107142857143,126007
20250821_221849_phrases_none_-1_5_8,phrases,none,5,8,0.2577,7172.8667,3440,260253,519,185.895,127535
20250821_221944_phrases_none_-1_5_9,phrases,none,5,9,0.2663,7242.5733,3235,263519,314,188.227857142857,128348
20250821_222038_phrases_none_-1_5_10,phrases,none,5,10,0.2717,7269.2889,3107,265465,183,189.617857142857,129025
20250821_222131_phrases_none_-1_5_11,phrases,none,5,11,0.2756,7273.2533,3034,266187,106,190.133571428571,129317
20250821_222225_phrases_none_-1_5_12,phrases,none,5,12,0.2763,7274.4756,2983,266726,53,190.518571428571,129538
20250821_222318_phrases_none_-1_5_13,phrases,none,5,13,0.278,7254.52,2955,266950,23,190.678571428571,129634
20250821_222410_phrases_none_-1_5_14,phrases,none,5,14,0.2763,7254.5911,2944,267029,10,190.735,129667
20250821_222502_phrases_none_-1_5_15,phrases,none,5,15,0.2762,7254.6089,2938,267077,1,190.769285714286,129682
20250821_222553_phrases_none_-1_5_16,phrases,none,5,16,0.2762,7254.6089,2937,267080,0,190.771428571429,129681
20250821_222643_phrases_none_-1_5_17,phrases,none,5,17,0.2762,7254.6089,2937,267080,0,190.771428571429,129681
20250821_222732_phrases_none_-1_5_24,phrases,none,5,24,0.2762,7254.6089,2937,267080,0,190.771428571429,129681
20250821_222821_phrases_none_-1_5_48,phrases,none,5,48,0.2762,7254.6089,2937,267080,0,190.771428571429,129681
20250821_222910_phrases_none_-1_6_0,phrases,none,6,0,0.1508,3402.5911,8496,206373,5846,147.409285714286,140794
20250821_223003_phrases_none_-1_6_1,phrases,none,6,1,0.1619,3626.0978,7803,209918,5153,149.941428571429,139040
20250821_223056_phrases_none_-1_6_2,phrases,none,6,2,0.1807,4717.7733,6703,221314,4055,158.081428571429,132215
20250821_223150_phrases_none_-1_6_3,phrases,none,6,3,0.2041,5179.7067,5651,230553,3004,164.680714285714,127425
20250821_223241_phrases_none_-1_6_4,phrases,none,6,4,0.2067,5922.28,4772,241044,2121,172.174285714286,126028
20250821_223336_phrases_none_-1_6_5,phrases,none,6,5,0.2083,6477.88,4179,248276,1526,177.34,125864
20250821_223430_phrases_none_-1_6_6,phrases,none,6,6,0.2227,6897.8711,3683,254618,1024,181.87,126320
20250821_223525_phrases_none_-1_6_7,phrases,none,6,7,0.2446,7133.3867,3327,260186,666,185.847142857143,127204
20250821_223618_phrases_none_-1_6_8,phrases,none,6,8,0.2607,7432.5511,3066,266658,405,190.47,128655
20250821_223714_phrases_none_-1_6_9,phrases,none,6,9,0.2626,7501.1511,2905,269749,244,192.677857142857,129428
20250821_223810_phrases_none_-1_6_10,phrases,none,6,10,0.2659,7527.3822,2796,271612,132,194.008571428571,130067
20250821_223903_phrases_none_-1_6_11,phrases,none,6,11,0.2705,7530.8756,2738,272274,72,194.481428571429,130349
20250821_223958_phrases_none_-1_6_12,phrases,none,6,12,0.2723,7532.2844,2698,272764,30,194.831428571429,130558
20250821_224051_phrases_none_-1_6_13,phrases,none,6,13,0.274,7505.8711,2679,272950,9,194.964285714286,130646
20250821_224143_phrases_none_-1_6_14,phrases,none,6,14,0.2739,7505.8711,2675,272993,4,194.995,130667
20250821_224235_phrases_none_-1_6_15,phrases,none,6,15,0.2738,7505.88,2672,273020,0,195.014285714286,130670
20250821_224324_phrases_none_-1_6_16,phrases,none,6,16,0.2738,7505.88,2672,273020,0,195.014285714286,130670
20250821_224414_phrases_none_-1_6_17,phrases,none,6,17,0.2738,7505.88,2672,273020,0,195.014285714286,130670
20250821_224504_phrases_none_-1_6_24,phrases,none,6,24,0.2738,7505.88,2672,273020,0,195.014285714286,130670
20250821_224554_phrases_none_-1_6_48,phrases,none,6,48,0.2738,7505.88,2672,273020,0,195.014285714286,130670
20250821_224643_phrases_none_-1_7_0,phrases,none,7,0,0.1661,3694.6489,7375,213585,4929,152.560714285714,141494
20250821_224736_phrases_none_-1_7_1,phrases,none,7,1,0.1718,3883.1867,6780,216508,4334,154.648571428571,139499
20250821_224828_phrases_none_-1_7_2,phrases,none,7,2,0.1909,4913.6311,5847,227404,3403,162.431428571429,132535
20250821_224922_phrases_none_-1_7_3,phrases,none,7,3,0.2069,5541.6622,4941,237710,2497,169.792857142857,128417
20250821_225012_phrases_none_-1_7_4,phrases,none,7,4,0.2135,6260.5422,4201,247808,1755,177.005714285714,127055
20250821_225105_phrases_none_-1_7_5,phrases,none,7,5,0.2179,6808.3822,3692,254793,1245,181.995,126840
20250821_225159_phrases_none_-1_7_6,phrases,none,7,6,0.2272,7207.1244,3282,260774,830,186.267142857143,127217
20250821_225254_phrases_none_-1_7_7,phrases,none,7,7,0.2467,7436.4489,2990,266094,537,190.067142857143,128021
20250821_225349_phrases_none_-1_7_8,phrases,none,7,8,0.2626,7734.0133,2769,272417,316,194.583571428571,129446
20250821_225445_phrases_none_-1_7_9,phrases,none,7,9,0.2655,7797.6178,2636,275372,183,196.694285714286,130197
20250821_225541_phrases_none_-1_7_10,phrases,none,7,10,0.2689,7822.6622,2550,277111,96,197.936428571429,130797
20250821_225632_phrases_none_-1_7_11,phrases,none,7,11,0.2731,7826.3156,2508,277686,52,198.347142857143,131056
20250821_225724_phrases_none_-1_7_12,phrases,none,7,12,0.2745,7827.7111,2478,278119,21,198.656428571429,131243
20250821_225816_phrases_none_-1_7_13,phrases,none,7,13,0.2757,7799.9022,2463,278283,5,198.773571428571,131322
20250821_225907_phrases_none_-1_7_14,phrases,none,7,14,0.2756,7799.9022,2461,278314,2,198.795714285714,131340
20250821_225958_phrases_none_-1_7_15,phrases,none,7,15,0.2756,7799.9067,2459,278329,0,198.806428571429,131341
20250821_230049_phrases_none_-1_7_16,phrases,none,7,16,0.2756,7799.9067,2459,278329,0,198.806428571429,131341
20250821_230140_phrases_none_-1_7_17,phrases,none,7,17,0.2756,7799.9067,2459,278329,0,198.806428571429,131341
20250821_230229_phrases_none_-1_7_24,phrases,none,7,24,0.2756,7799.9067,2459,278329,0,198.806428571429,131341
20250821_230319_phrases_none_-1_7_48,phrases,none,7,48,0.2756,7799.9067,2459,278329,0,198.806428571429,131341
20250821_230408_phrases_none_-1_8_0,phrases,none,8,0,0.1722,3842.3956,6529,220276,4267,157.34,141465
20250821_230459_phrases_none_-1_8_1,phrases,none,8,1,0.1759,4120.9511,6030,222849,3768,159.177857142857,139509
20250821_230547_phrases_none_-1_8_2,phrases,none,8,2,0.1925,5218.0489,5229,234827,2968,167.733571428571,133023
20250821_230636_phrases_none_-1_8_3,phrases,none,8,3,0.2092,5809,4435,244766,2174,174.832857142857,128979
20250821_230727_phrases_none_-1_8_4,phrases,none,8,4,0.2184,6507.8578,3785,254655,1523,181.896428571429,127665
20250821_230819_phrases_none_-1_8_5,phrases,none,8,5,0.2213,7042.7378,3346,261315,1083,186.653571428571,127415
20250821_230911_phrases_none_-1_8_6,phrases,none,8,6,0.2313,7439.8311,2985,267072,717,190.765714285714,127750
20250821_231004_phrases_none_-1_8_7,phrases,none,8,7,0.2458,7674.9244,2731,272174,463,194.41,128489
20250821_231056_phrases_none_-1_8_8,phrases,none,8,8,0.263,7971.6267,2537,278374,269,198.838571428571,129892
20250821_231150_phrases_none_-1_8_9,phrases,none,8,9,0.2679,8034.7289,2418,281275,150,200.910714285714,130620
20250821_231242_phrases_none_-1_8_10,phrases,none,8,10,0.2696,8058.72,2344,282938,75,202.098571428571,131194
20250821_231337_phrases_none_-1_8_11,phrases,none,8,11,0.2728,8062.3156,2309,283471,39,202.479285714286,131443
20250821_231430_phrases_none_-1_8_12,phrases,none,8,12,0.2738,8063.6311,2284,283871,13,202.765,131609
20250822_135137_phrases_none_-1_8_13,phrases,none,8,13,0.2752,8033.8267,2275,283999,3,202.856428571429,131664
20250822_135236_phrases_none_-1_8_14,phrases,none,8,14,0.2752,8033.8267,2273,284030,0,202.878571428571,131682
20250822_135326_phrases_none_-1_8_15,phrases,none,8,15,0.2752,8033.8267,2273,284030,0,202.878571428571,131682
20250822_135414_phrases_none_-1_8_16,phrases,none,8,16,0.2752,8033.8267,2273,284030,0,202.878571428571,131682
20250822_135505_phrases_none_-1_8_17,phrases,none,8,17,0.2752,8033.8267,2273,284030,0,202.878571428571,131682
20250822_135553_phrases_none_-1_8_24,phrases,none,8,24,0.2752,8033.8267,2273,284030,0,202.878571428571,131682
20250822_135643_phrases_none_-1_8_48,phrases,none,8,48,0.2752,8033.8267,2273,284030,0,202.878571428571,131682
20250822_135734_phrases_none_-1_9_0,phrases,none,9,0,0.1731,4355.3956,5824,227434,3711,162.452857142857,142163
20250822_135822_phrases_none_-1_9_1,phrases,none,9,1,0.177,4543.9911,5384,229949,3271,164.249285714286,140165
20250822_135914_phrases_none_-1_9_2,phrases,none,9,2,0.201,5619.3733,4676,241572,2565,172.551428571429,133520
20250822_140006_phrases_none_-1_9_3,phrases,none,9,3,0.2096,6161.5733,3987,251542,1876,179.672857142857,129753
20250822_140101_phrases_none_-1_9_4,phrases,none,9,4,0.2187,6837.3644,3403,261174,1291,186.552857142857,128432
20250822_140156_phrases_none_-1_9_5,phrases,none,9,5,0.2237,7356.6178,3018,267606,906,191.147142857143,128162
20250822_140253_phrases_none_-1_9_6,phrases,none,9,6,0.2326,7752.4,2729,273019,613,195.013571428571,128423
20250822_140347_phrases_none_-1_9_7,phrases,none,9,7,0.2467,7976.9956,2504,277959,388,198.542142857143,129108
20250822_140440_phrases_none_-1_9_8,phrases,none,9,8,0.2596,8272.8711,2336,284007,220,202.862142857143,130474
20250822_140534_phrases_none_-1_9_9,phrases,none,9,9,0.2657,8334.8133,2242,286741,126,204.815,131156
20250822_140627_phrases_none_-1_9_10,phrases,none,9,10,0.2692,8358.3156,2181,288318,64,205.941428571429,131709
20250822_140719_phrases_none_-1_9_11,phrases,none,9,11,0.2725,8361.6667,2150,288817,33,206.297857142857,131931
20250822_140812_phrases_none_-1_9_12,phrases,none,9,12,0.2729,8362.9822,2130,289182,12,206.558571428571,132086
20250822_140904_phrases_none_-1_9_13,phrases,none,9,13,0.2743,8332.0044,2122,289303,3,206.645,132139
20250823_142151_phrases_none_-1_9_14,phrases,none,9,14,0.2743,8332.0044,2120,289334,0,206.667142857143,132157
20250823_142257_phrases_none_-1_9_15,phrases,none,9,15,0.2743,8332.0044,2120,289334,0,206.667142857143,132157
20250823_142350_phrases_none_-1_9_16,phrases,none,9,16,0.2743,8332.0044,2120,289334,0,206.667142857143,132157
20250823_142443_phrases_none_-1_9_17,phrases,none,9,17,0.2743,8332.0044,2120,289334,0,206.667142857143,132157
20250823_142534_phrases_none_-1_9_24,phrases,none,9,24,0.2743,8332.0044,2120,289334,0,206.667142857143,132157
20250823_142629_phrases_none_-1_9_48,phrases,none,9,48,0.2743,8332.0044,2120,289334,0,206.667142857143,132157
20250823_142719_phrases_none_-1_10_0,phrases,none,10,0,0.1821,4716.0978,5285,233586,3288,166.847142857143,141784
20250823_142810_phrases_none_-1_10_1,phrases,none,10,1,0.1832,4881.4222,4902,236075,2905,168.625,139966
20250823_142901_phrases_none_-1_10_2,phrases,none,10,2,0.2049,5843.6622,4268,247600,2273,176.857142857143,133280
20250823_142953_phrases_none_-1_10_3,phrases,none,10,3,0.2123,6587.8,3657,258170,1662,184.407142857143,129966
20250823_143045_phrases_none_-1_10_4,phrases,none,10,4,0.22,7249.4444,3140,267500,1144,191.071428571429,128636
20250823_143137_phrases_none_-1_10_5,phrases,none,10,5,0.2247,7761.6711,2799,273691,802,195.493571428571,128332
20250823_143232_phrases_none_-1_10_6,phrases,none,10,6,0.2334,8140.2089,2546,278907,546,199.219285714286,128545
20250823_143326_phrases_none_-1_10_7,phrases,none,10,7,0.2472,8344.4933,2343,283700,343,202.642857142857,129172
20250823_143420_phrases_none_-1_10_8,phrases,none,10,8,0.2593,8637.1022,2196,289586,196,206.847142857143,130480
20250823_143514_phrases_none_-1_10_9,phrases,none,10,9,0.2654,8699.2089,2112,292248,112,208.748571428571,131145
20250823_143608_phrases_none_-1_10_10,phrases,none,10,10,0.2686,8722.2667,2056,293784,56,209.845714285714,131675
20250823_143702_phrases_none_-1_10_11,phrases,none,10,11,0.2725,8725.6578,2027,294274,27,210.195714285714,131892
20250823_143755_phrases_none_-1_10_12,phrases,none,10,12,0.2728,8726.9022,2007,294631,7,210.450714285714,132041
20250823_143849_phrases_none_-1_10_13,phrases,none,10,13,0.2746,8700.4133,2002,294733,1,210.523571428571,132087
20250823_143942_phrases_none_-1_10_14,phrases,none,10,14,0.2746,8700.4133,2001,294746,0,210.532857142857,132095
20250823_144033_phrases_none_-1_10_15,phrases,none,10,15,0.2746,8700.4133,2001,294746,0,210.532857142857,132095
20250823_144127_phrases_none_-1_10_16,phrases,none,10,16,0.2746,8700.4133,2001,294746,0,210.532857142857,132095
20250823_144218_phrases_none_-1_10_17,phrases,none,10,17,0.2746,8700.4133,2001,294746,0,210.532857142857,132095
20250823_144311_phrases_none_-1_10_24,phrases,none,10,24,0.2746,8700.4133,2001,294746,0,210.532857142857,132095
20250823_144401_phrases_none_-1_10_48,phrases,none,10,48,0.2746,8700.4133,2001,294746,0,210.532857142857,132095
20250823_144452_phrases_none_-1_11_0,phrases,none,11,0,0.1852,5309.5867,4812,240846,2911,172.032857142857,141987
20250823_144541_phrases_none_-1_11_1,phrases,none,11,1,0.1878,5438.1511,4475,243181,2574,173.700714285714,140182
20250823_144632_phrases_none_-1_11_2,phrases,none,11,2,0.2065,6376.2756,3910,254378,2011,181.698571428571,133529
20250823_144724_phrases_none_-1_11_3,phrases,none,11,3,0.2148,7101.6622,3371,264629,1472,189.020714285714,130035
20250823_144816_phrases_none_-1_11_4,phrases,none,11,4,0.2221,7736.1289,2916,273943,1016,195.673571428571,128826
20250823_144911_phrases_none_-1_11_5,phrases,none,11,5,0.2291,8234.9733,2616,279880,716,199.914285714286,128487
20250823_145007_phrases_none_-1_11_6,phrases,none,11,6,0.2365,8609.0933,2395,284879,492,203.485,128668
20250823_145151_phrases_none_-1_11_7,phrases,none,11,7,0.248,8808.1378,2210,289537,307,206.812142857143,129265
20250823_145244_phrases_none_-1_11_8,phrases,none,11,8,0.2597,9097.1067,2079,295296,176,210.925714285714,130535
20250823_145339_phrases_none_-1_11_9,phrases,none,11,9,0.2656,9164.3822,2003,297899,100,212.785,131201
20250823_145433_phrases_none_-1_11_10,phrases,none,11,10,0.2684,9186.9733,1953,299393,50,213.852142857143,131713
20250823_145528_phrases_none_-1_11_11,phrases,none,11,11,0.2712,9189.92,1926,299865,23,214.189285714286,131927
20250823_145623_phrases_none_-1_11_12,phrases,none,11,12,0.2713,9191.1644,1909,300191,6,214.422142857143,132058
20250823_145715_phrases_none_-1_11_13,phrases,none,11,13,0.2732,9163.7644,1905,300283,1,214.487857142857,132102
20250823_145805_phrases_none_-1_11_14,phrases,none,11,14,0.2732,9163.7644,1904,300296,0,214.497142857143,132110
20250823_145857_phrases_none_-1_11_15,phrases,none,11,15,0.2732,9163.7644,1904,300296,0,214.497142857143,132110
20250823_145947_phrases_none_-1_11_16,phrases,none,11,16,0.2732,9163.7644,1904,300296,0,214.497142857143,132110
20250823_150039_phrases_none_-1_11_17,phrases,none,11,17,0.2732,9163.7644,1904,300296,0,214.497142857143,132110
20250823_150134_phrases_none_-1_11_24,phrases,none,11,24,0.2732,9163.7644,1904,300296,0,214.497142857143,132110
20250823_150230_phrases_none_-1_11_48,phrases,none,11,48,0.2732,9163.7644,1904,300296,0,214.497142857143,132110
20250823_150327_phrases_none_-1_16_0,phrases,none,16,0,0.2053,7442.6889,3405,269846,1865,192.747142857143,142548
20250823_150419_phrases_none_-1_16_1,phrases,none,16,1,0.2059,7541.1822,3196,271773,1656,194.123571428571,140763
20250823_150513_phrases_none_-1_16_2,phrases,none,16,2,0.2214,8441.9467,2835,282258,1296,201.612857142857,134192
20250823_150608_phrases_none_-1_16_3,phrases,none,16,3,0.2271,9092.4933,2479,291955,940,208.539285714286,130816
20250823_150704_phrases_none_-1_16_4,phrases,none,16,4,0.2379,9714.7244,2176,300256,637,214.468571428571,129654
20250823_150801_phrases_none_-1_16_5,phrases,none,16,5,0.2366,10149.4444,1981,305424,442,218.16,129190
20250823_150857_phrases_none_-1_16_6,phrases,none,16,6,0.243,10501.5689,1850,309616,310,221.154285714286,129218
20250823_150956_phrases_none_-1_16_7,phrases,none,16,7,0.2534,10685.8667,1730,313731,190,224.093571428571,129749
20250823_151048_phrases_none_-1_16_8,phrases,none,16,8,0.2662,10967.9644,1641,319121,101,227.943571428571,130933
20250823_151143_phrases_none_-1_16_9,phrases,none,16,9,0.2674,11031.2533,1595,321395,55,229.567857142857,131527
20250823_151239_phrases_none_-1_16_10,phrases,none,16,10,0.268,11051.4933,1565,322647,25,230.462142857143,131991
20250823_151335_phrases_none_-1_16_11,phrases,none,16,11,0.2702,11054.2533,1550,322989,10,230.706428571429,132155
20250823_151430_phrases_none_-1_16_12,phrases,none,16,12,0.2712,11055.32,1542,323222,2,230.872857142857,132241
20250823_151524_phrases_none_-1_16_13,phrases,none,16,13,0.2722,11025.1022,1541,323278,0,230.912857142857,132277
20250823_151618_phrases_none_-1_16_14,phrases,none,16,14,0.2722,11025.1022,1541,323278,0,230.912857142857,132277
20250823_151710_phrases_none_-1_16_15,phrases,none,16,15,0.2722,11025.1022,1541,323278,0,230.912857142857,132277
20250823_151809_phrases_none_-1_16_16,phrases,none,16,16,0.2722,11025.1022,1541,323278,0,230.912857142857,132277
20250823_151905_phrases_none_-1_16_17,phrases,none,16,17,0.2722,11025.1022,1541,323278,0,230.912857142857,132277
20250823_152001_phrases_none_-1_16_24,phrases,none,16,24,0.2722,11025.1022,1541,323278,0,230.912857142857,132277
20250823_152057_phrases_none_-1_16_48,phrases,none,16,48,0.2722,11025.1022,1541,323278,0,230.912857142857,132277
20250823_152153_phrases_none_-1_24_0,phrases,none,24,0,0.2074,10503.2311,2290,303650,1109,216.892857142857,140095
20250823_152250_phrases_none_-1_24_1,phrases,none,24,1,0.2134,10517.6933,2184,304857,1003,217.755,138507
20250823_152349_phrases_none_-1_24_2,phrases,none,24,2,0.233,11243.7067,1960,315279,780,225.199285714286,131976
20250823_152449_phrases_none_-1_24_3,phrases,none,24,3,0.2402,11802.1956,1739,323863,559,231.330714285714,128811
20250823_152550_phrases_none_-1_24_4,phrases,none,24,4,0.2451,12298.9778,1568,330903,387,236.359285714286,127722
20250823_152653_phrases_none_-1_24_5,phrases,none,24,5,0.2469,12676.9867,1448,335241,267,239.457857142857,127232
20250823_152754_phrases_none_-1_24_6,phrases,none,24,6,0.2527,12961.5022,1373,338748,192,241.962857142857,127145
20250823_152858_phrases_none_-1_24_7,phrases,none,24,7,0.2576,13123.7378,1290,342315,109,244.510714285714,127608
20250823_152959_phrases_none_-1_24_8,phrases,none,24,8,0.2702,13395.92,1235,347214,54,248.01,128647
20250823_153100_phrases_none_-1_24_9,phrases,none,24,9,0.2685,13443.0311,1210,349127,29,249.376428571429,129183
20250823_153200_phrases_none_-1_24_10,phrases,none,24,10,0.2694,13458.8889,1195,350134,14,250.095714285714,129547
20250823_153302_phrases_none_-1_24_11,phrases,none,24,11,0.27,13459.8267,1188,350365,7,250.260714285714,129674
20250823_153404_phrases_none_-1_24_12,phrases,none,24,12,0.2712,13460.9022,1183,350539,2,250.385,129737
20250823_153505_phrases_none_-1_24_13,phrases,none,24,13,0.2721,13428.6,1182,350595,0,250.425,129773
20250823_153602_phrases_none_-1_24_14,phrases,none,24,14,0.2721,13428.6,1182,350595,0,250.425,129773
20250823_153658_phrases_none_-1_24_15,phrases,none,24,15,0.2721,13428.6,1182,350595,0,250.425,129773
20250823_153754_phrases_none_-1_24_16,phrases,none,24,16,0.2721,13428.6,1182,350595,0,250.425,129773
20250823_153850_phrases_none_-1_24_17,phrases,none,24,17,0.2721,13428.6,1182,350595,0,250.425,129773
20250823_153946_phrases_none_-1_24_24,phrases,none,24,24,0.2721,13428.6,1182,350595,0,250.425,129773
20250823_154041_phrases_none_-1_24_48,phrases,none,24,48,0.2721,13428.6,1182,350595,0,250.425,129773
20250823_154135_phrases_none_-1_48_0,phrases,none,48,0,0.2241,11624.9467,1137,305365,434,218.117857142857,120645
20250823_154236_phrases_none_-1_48_1,phrases,none,48,1,0.2285,11706.1111,1112,306467,409,218.905,119406
20250823_154337_phrases_none_-1_48_2,phrases,none,48,2,0.2361,12496.4178,1014,317518,311,226.798571428571,112844
20250823_154439_phrases_none_-1_48_3,phrases,none,48,3,0.2376,12962.8844,923,324697,220,231.926428571429,109947
20250823_154544_phrases_none_-1_48_4,phrases,none,48,4,0.2397,13294.5022,855,329593,152,235.423571428571,108974
20250823_154650_phrases_none_-1_48_5,phrases,none,48,5,0.2456,13540.2578,809,332464,106,237.474285714286,108531
20250823_154802_phrases_none_-1_48_6,phrases,none,48,6,0.248,13727.4044,777,335125,74,239.375,108312
20250823_154908_phrases_none_-1_48_7,phrases,none,48,7,0.2512,13835.5822,745,337557,42,241.112142857143,108542
20250823_155009_phrases_none_-1_48_8,phrases,none,48,8,0.251,14068.9333,724,341539,21,243.956428571429,109402
20250823_155109_phrases_none_-1_48_9,phrases,none,48,9,0.2514,14120.9911,713,343076,10,245.054285714286,109809
20250823_155207_phrases_none_-1_48_10,phrases,none,48,10,0.2526,14132.0044,706,343854,3,245.61,110096
20250823_155306_phrases_none_-1_48_11,phrases,none,48,11,0.2526,14132.4489,704,343954,1,245.681428571429,110162
20250823_155407_phrases_none_-1_48_12,phrases,none,48,12,0.2526,14132.68,703,344009,0,245.720714285714,110182
20250823_155506_phrases_none_-1_48_13,phrases,none,48,13,0.2526,14132.68,703,344009,0,245.720714285714,110182
20250823_155605_phrases_none_-1_48_14,phrases,none,48,14,0.2526,14132.68,703,344009,0,245.720714285714,110182
20250823_155702_phrases_none_-1_48_15,phrases,none,48,15,0.2526,14132.68,703,344009,0,245.720714285714,110182
20250823_155759_phrases_none_-1_48_16,phrases,none,48,16,0.2526,14132.68,703,344009,0,245.720714285714,110182
20250823_155857_phrases_none_-1_48_17,phrases,none,48,17,0.2526,14132.68,703,344009,0,245.720714285714,110182
20250823_155955_phrases_none_-1_48_24,phrases,none,48,24,0.2526,14132.68,703,344009,0,245.720714285714,110182
20250823_160055_phrases_none_-1_48_48,phrases,none,48,48,0.2526,14132.68,703,344009,0,245.720714285714,110182
